sigpvals1,sigpvals2,sigpvals3,sigpvals4,sigpvals5,sigpvals6,sigpvals7,sigpvals8,sigpvals9,sigpvals10,sigpvals11,sigpvals12,sigpvals13,sigpvals14,sigpvals15,sigpvals16,sigpvals17,sigpvals18,sigpvals19,sigpvals20,sigpvals21,sigpvals22,sigpvals23,sigpvals24,sigpvals25,sigpvals26,sigpvals27,sigpvals28,sigpvals29,sigpvals30,sigpvals31,sigpvals32,sigpvals33,sigpvals34,sigpvals35,sigpvals36,sigpvals37,sigpvals38,sigpvals39,sigpvals40,sigpvals41,sigpvals42,sigpvals43,sigpvals44,sigpvals45,sigpvals46,sigpvals47,sigpvals48,sigpvals49,sigpvals50,sigpvals51,sigpvals52,sigpvals53,sigpvals54,sigpvals55,sigpvals56,sigpvals57,sigpvals58,sigpvals59,sigpvals60,sigpvals61,sigpvals62,sigpvals63,sigpvals64,sigpvals65,sigpvals66,sigpvals67,sigpvals68,sigpvals69,sigpvals70,sigpvals71,sigpvals72,sigpvals73,sigpvals74,sigpvals75,sigpvals76,sigpvals77,sigpvals78,sigpvals79,sigpvals80,sigpvals81,sigpvals82,sigpvals83,sigpvals84,sigpvals85,sigpvals86,sigpvals87,sigpvals88,sigpvals89,sigpvals90,sigpvals91,sigpvals92,sigpvals93,sigpvals94,sigpvals95,sigpvals96,sigpvals97,sigpvals98,sigpvals99,sigpvals100,sigpvals101,sigpvals102,sigpvals103,sigpvals104,sigpvals105,sigpvals106,sigpvals107,sigpvals108,sigpvals109,sigpvals110,sigpvals111,sigpvals112,sigpvals113,sigpvals114,sigpvals115,sigpvals116,sigpvals117,sigpvals118,sigpvals119,sigpvals120,sigpvals121,sigpvals122,sigpvals123,sigpvals124
0.080273,0.18693,0.077962,0.073829,0.1647,0.030408,0.023701,0.16576,0.28379,0.21866,0.23288,0.1903,0.46798,1.2212e-15,0,0.00015195,0.23474,0.049092,0.16531,9.7765e-05,0.36968,0.10241,0.37145,0.026225,0.26997,0.44752,0.14814,0.050746,0.17285,0.11509,0.26097,0.035372,0.39776,0.19977,0.089062,0.035104,0.11923,0.070166,0.057502,0.078418,0.5614,0.27386,0.0016952,0.080878,0.0392,0.52451,0.041209,0.043893,0.28565,0.47463,0.24085,0.041193,0.031397,0.15187,0.35457,0.15158,0.026775,0.0024443,0.41879,0.35696,0.52023,0.114,0.060441,0.50629,0.14742,0.060945,0.031076,0.13694,0.16512,0.067144,0,0.016195,0.33233,0.006008,0.47823,0.093624,0.48499,0.61585,0.15059,0,0.026042,0.22642,0.38419,0.1346,0.16256,0.10824,0.26607,0.15932,0.29044,0.21339,0.57391,0.085418,0.096596,0.15514,0.18963,0.074041,0.18859,0.43827,0.043006,0.1558,0.43902,0.44246,0.34645,0.27851,0.6832,0.27417,0.1007,1.8872e-05,0.2215,0.23206,0.050053,0.28745,0.096871,0.070098,0.021802,0.099633,0.23704,0.12852,0.38962,0.054499,0.15239,0.0048725,0.27186,0.062575
0.123,0.28592,0.0022615,0.0040808,0.058184,0,1.6209e-14,0.068699,0.5927,0.19736,0.085294,0.48716,0.21286,0.086934,6.8287e-07,3.8412e-10,0.50457,2.2204e-16,0.092989,4.0471e-05,1.1102e-16,0.12154,2.3662e-07,0.0073799,0.061014,0.35218,0.075116,0.046977,0.00011248,0.013845,6.0308e-05,8.0604e-06,0.12467,1.1578e-05,0.036643,3.3074e-07,1.2397e-08,0.071356,0.061322,0.3418,0.41782,0.22171,1.1102e-16,0.14462,0.00034691,0.029312,0.3605,1.3063e-07,0.36502,0.16758,0.061103,0.014921,0.089561,0.0050538,0.18945,0.71318,1.455e-05,0.093853,0.0079075,0.0063534,0.28046,0.02012,0.070338,0.15876,1.5199e-06,0.00011877,0.0026009,0.024398,0.082249,0.00055649,0.00073243,0.0012625,0.099694,0.085017,7.4196e-13,1.8988e-06,0.58555,0.014107,0.2897,0,1.4075e-05,0.035414,0.079732,0.57115,0,0.019358,1.5072e-06,0.40399,0.00015668,0.34271,0.4967,0.0060237,0.035132,0.0011562,0.1228,0.0011036,0.074208,0.17898,0.0089507,0.043765,0.00041116,0,0.0038719,0.00097809,0.057796,0.00097612,0.016999,0,3.5527e-15,3.868e-13,5.1922e-09,0.0006917,0.004375,0.027984,0.028017,0.049609,0.26567,7.511e-05,0.040998,0.016928,0.34259,0.046623,0.17324,0.35685
0.27533,0.37685,0.0095549,0.73331,0.15282,2.7174e-10,0.33844,0.19204,0.084855,0.032382,0.11719,0.25228,0.23285,0.0005964,0.12097,0.33034,0.49005,0,0.21819,0.31976,0.51587,0.47992,0.00018221,0.019294,0.19498,0.30981,0.21263,0.07288,0.096106,0.38904,0.020843,0.27221,0.29452,0.035871,0.19011,0.3931,0.11999,0.04131,0.46084,0.44311,0.28543,0.28786,0.0005171,0.30524,0.041628,0.039224,0.12347,0.050788,0.17155,0.27253,0.49951,0.15464,0.00016642,0.19182,0.21836,0.24512,0.16746,0.17141,0.24842,0.27682,0.17149,0.030455,0.050757,0.3329,0.41276,0.31725,0.27389,0.075444,0.30037,0.064597,0.31016,0.63844,0.13583,0.20518,0.07862,0.30766,0.17523,0.22598,0.42807,0.1877,0.26599,0.20737,0.65514,0.11626,2.4425e-15,0.081813,0.0088898,0.2332,0.088979,0.37688,0.067065,0.224,0.19417,0.26962,0.34683,0.021547,0.22806,0.30378,0.35656,0.31908,0.29728,0.14327,0.34159,0.10033,0.39157,0.46392,0.045295,0.0075507,0.37657,0.11674,0.0026295,0.21017,0.25809,0.21201,0.38261,0.015056,0.42579,0.35727,0.26912,0.3291,0.27626,0.26086,0.17491,0.2084
0.16224,0.63299,0.035683,0.23166,0.1064,0.070489,0.046807,0.010026,0.41864,0.41131,0.14367,0.51923,0.57811,4.2971e-06,0.00054657,0.28541,0.36891,7.4363e-05,0.27695,0.0023008,0.095945,0.14925,0.41351,0.060388,0.059412,0.4903,0.063392,0.28187,0.60944,0.0016597,0.044266,0.10002,0.10842,0.0076156,0.028821,0.045897,0.00084939,0.053681,0.48675,0.36243,0.53615,0.32219,1.1239e-05,0.32477,0.045255,0.097803,0.24188,0.037145,0.31833,0.81605,0.10676,0.0043753,0.8112,0.020447,0.69489,0.73787,0.20105,0.19641,0.0017327,0.054083,0.23667,0.00074282,0.083455,0.12323,0.033706,0.0069829,0.11542,0.2526,0.12103,0.00085521,0.0051882,0.11189,0.023494,0.021236,0.10073,0.015061,0.687,0.5292,0.064013,0.29848,0.057489,0.25633,0.12013,0.49028,0.8329,0.191,0.35493,0.45655,0.73016,0.49314,0.29536,0.031957,0.3011,0.10039,0.16145,0.028582,0.038458,0.3371,0.19551,0.11021,0.057208,0.050079,0.03976,0.0018733,0.035575,0.039984,0.042306,0.015995,0.011151,0.017193,0.0040801,0.29405,0.20662,0.083474,0.017202,0.0021402,0.031274,0.021199,0.55116,0.12753,0.036316,0.12762,0.18902,0.52989
0.25413,0.067439,0.14616,0.35005,0.13064,0.033854,0,0,0.39164,0.016301,0.20563,0.016072,1.7097e-14,0,4.1813e-11,0.0026415,0.22395,0.00058226,0.30749,0,0.011739,0.16046,0.12987,0.010414,0.15842,0.2947,0.054402,5.3675e-08,0.0013654,0.015706,0.033815,0.030507,0.079797,0.021949,0.13744,0.016005,0.15891,0.30902,0.091071,0.6774,0.037415,0.38277,1.4178e-05,0.14712,1.682e-05,0.13504,0.21004,0.015688,0.14913,0.54844,0.64566,0.13332,0.3025,0.080172,0.19429,0.59183,0.33493,0.0082121,0.00020284,0.0047119,0.11967,0.0075425,7.0506e-08,0.1186,0.00037987,0.00035449,0.00049061,0.1049,0.011296,0.065815,0,0,0.13958,0.012926,0.025609,0.064011,0.61581,0.25858,0.061361,0,0.00071761,0.015666,0.063824,0.2808,0.0024571,1.2212e-15,0.22978,0.10774,6.9567e-12,0.19534,0.20713,0.0097361,0,0.02759,0.00033907,2.1753e-06,0.16387,0.36779,0.10176,0.12877,0.3115,0.1749,0.33768,0.016015,0.30976,0.04329,0.19807,0.0027207,7.6447e-09,0,0.0048073,0.034169,0.16424,0.00084251,0.0060214,0.07339,0.03249,8.5084e-06,0.00034639,0.32481,0.31687,0.029723,0.23402,0.059903
0.25188,0.25145,0.25447,0.48572,0.22958,0.65346,0.28813,0.46507,0.00081136,0.44733,0.67591,0.068582,0.33223,0.012105,0.001127,0.03869,0.23684,0.14187,0.31267,0,0.013064,0.44111,0.096056,0.21472,0.29811,0.21981,0.45339,0.11946,0.16695,0.00036907,0.90997,0.082661,0.21843,0.17287,0.19765,0.054966,0.091231,0.15264,0.21723,0.13746,0.045004,0.034251,0.21298,0.14915,0.018453,0.49792,0.26428,0.13502,0.12408,0.16464,0.086898,0.42409,0.075418,0.43919,0.13599,0.17265,0.27723,0.026693,0.66133,0.61499,0.22755,0.045871,0.58458,0.11656,0.43473,0.0039627,0.45959,0.34707,0.24326,0.19467,0,0,0.013527,0.40063,0.013376,0.43639,0.20871,0.058905,0.34107,0.75232,0.12051,0.099307,0.43634,0.24148,0.15601,0.27429,0.0087913,0.14449,4.2256e-10,0.096193,0.013682,0.14932,0.28963,0.56272,0.14986,0.096058,0.1429,0.28194,0.34401,0.27194,0.51316,0.15919,0.092167,0.31726,0.78137,0.47475,0.64447,0.037136,0.10552,0.042524,0.12805,0.17763,0.18594,0.49747,0.2534,0.56786,0.5824,0.50773,0.12459,0.29407,0.41913,0.19884,0.54253,0.028725
0.00094933,0.056573,0.2024,0.018885,0.14954,0.71378,0.37152,0.64031,0.023406,0.1393,0.22503,0.031906,0.1697,0.3245,6.5905e-08,0.18351,0.35572,0.20374,0.05581,8.8914e-09,0.076426,0.13529,0.18942,0.088965,0.30621,0.062787,0.096235,0.036493,0.013455,0.30258,0.50775,0.044204,0.67788,0.023608,0.13839,0.046112,0.0010364,0.43791,0.12287,0.0011551,0.09095,0.082726,0.094023,0.23118,0.40491,0.024942,0.01793,0.029324,0.066482,0.010281,0.039391,0.49845,0.022537,0.19011,0.0099075,0.07446,0.3938,0.076877,0.13549,0.40508,0.22571,0.21681,0.056804,0.02119,0.33234,0.0051096,0.1085,0.14242,0.49214,0.084016,0,0.00044375,0.24184,0.028116,0.18173,0.45568,0.063502,0.06402,0.26478,0.1695,0.46378,0.099427,3.4518e-06,0.23657,0.20124,0.10037,0.043516,0.079148,7.8812e-08,0.072204,0.33875,0.18084,0.16446,0.21973,0.23291,0.1522,0.10587,0.17933,0.25062,0.22089,0.37925,0.33528,0.19181,0.51386,0.47029,0.8344,0.41351,7.6937e-09,0.47913,0.19754,0.11546,0.18955,0.50348,0.17152,2.0906e-05,0.6225,0.12903,0.58963,0.24252,0.058193,0.23529,0.2083,0.49438,0.013086
0.057103,0.14625,0.47183,0.159,0.10589,0.21016,0.31112,0.018509,0.054776,0.4301,0.055086,0.26022,0.26551,0.0033692,4.3953e-10,0.055203,0.15888,0.11767,0.55477,0,0.0082266,0.4204,0.47758,0.19979,0.0016284,0.29511,0.43842,0.36389,0.3849,0.017435,0.1324,0.10509,0.039839,0.26472,0.19999,0.29792,0.1367,0.16028,0.31457,0.34705,0.21915,0.27577,0.23426,0.13314,0.12668,0.28825,0.3152,0.22837,0.58507,0.44857,0.34147,0.28442,0.24932,0.087841,0.60089,0.34718,0.10599,0.24213,0.20997,0.16589,0.28605,0.028895,0.10952,0.39032,0.064125,0.20964,0.1882,0.26649,0.040435,0.046704,0,0,0.48811,0.29619,0.00088951,0.09966,0.69797,0.13967,0.18315,0.10064,0.01755,0.30965,0.11207,0.53551,0.19018,0.48758,0.5993,0.63277,0.00035348,0.34601,0.22046,0.067729,0.11133,0.10334,0.25342,0.12511,0.17795,0.034119,0.13693,0.42446,0.015561,0.14597,0.14739,0.18395,0.062152,0.0048926,0.17548,0.0017709,0.017573,0.00321,0.18094,0.085619,0.16514,0.31612,0.034842,0.013088,0.12584,0.027338,0.46313,0.25556,0.36005,0.30059,0.12909,0.069534
0.2768,0.26343,0.025351,0.01352,0.13551,0,0.042268,0.088344,0.070224,0.19846,0.063605,0.34413,0.36396,0.0015754,0,2.7098e-10,0.1684,2.9532e-14,0.0026573,2.1601e-09,8.8482e-07,0.25386,0.00060205,0.026741,0.30747,0.079581,0.10933,2.8244e-07,0.16848,0.2242,0.024885,0.3532,0.027314,0.0012295,0.40922,0.07801,0.0002145,0.29094,0.39126,0.18993,0.05312,0.032093,3.6393e-13,0.3865,0.22749,0.11318,0.11982,0.093822,0.050872,0.25217,0.2994,0.080623,0.27135,0.044513,0.30984,0.50376,0.18461,0.42222,0.31287,0.055286,0.35298,0.046752,0.21882,0.16611,0.0036457,0.012562,0.10188,0.0040415,0.23297,0.007265,7.558e-07,0.00055211,0.064754,0.15307,0.37702,0.02277,0.028328,0.25694,0.16973,0,0.03681,0.054924,0.22021,0.41444,0,0.35815,0.39643,0.27228,0.38376,0.38448,0.3337,0.41068,0.23101,0.29671,0.021116,0.15597,0.12303,0.014066,0.042769,0.12262,0.28377,0,0.045496,0.15492,0.17336,0.14318,0.24185,0,0.011081,0.055235,0,0.20671,0.25599,0.12596,0.22242,0.24231,0.30248,0.02854,0.31195,0.050136,0.29578,0.21499,0.21419,0.42038
0.54232,0.10984,0.33681,0.42065,0.069336,1.4742e-05,0.33142,0.17508,0.056924,0.31249,0.4366,0.29155,0.33271,0.032194,0.049995,0.043443,0.51826,0,0.39859,0,0.34941,0.025708,0.028643,0.24717,0.10642,0.2011,0.19095,0.10597,0.34049,0.42507,0.41298,0.42706,0.1409,7.1647e-07,0.41742,0.33196,1.8468e-06,0.45753,0.2449,0.091481,0.40898,0.32395,0.12597,0.30802,0.23092,0.19944,0.14464,0.23815,0.64974,0.090693,0.33355,0.72945,1.6185e-07,0.22729,0.37602,0.46361,0.39411,0.096084,0.34118,0.63438,0.32796,0.65405,0.254,0.048167,0.50323,0.32377,0.10834,0.68495,0.097676,0.53313,3.7112e-05,0.2002,0.12039,0.48277,0.42487,0.27586,0.048058,0.22015,0.56034,0.019745,0.24881,0.28085,0.3334,0.091272,1.6523e-05,0.25589,0.35659,0.012528,1.1922e-10,0.06028,0.20741,0.12004,0.15249,0.34402,0.25806,0.3695,0.10145,0.2573,0.52328,0.45943,0.25499,0.10244,0.49096,0.59207,0.90314,0.59759,0.29188,1.6253e-05,0.40325,0.21844,0,0.50176,0.38425,0.1511,0.59924,0.00018935,0.18571,0.0030934,0.19713,0.22559,0.20354,0.048288,0.20472,0.15945
0.20824,0.17037,0.26053,0.34413,0.0010261,0.2884,0.56775,0.29402,0.21905,0.31163,0.15175,0.0068663,0.020536,0.0055987,0.48402,0.26246,0.11368,0.00019107,0.4989,0.0052105,0.058433,0.19443,0.14025,0.21882,0.16152,0.51236,0.098775,0.070816,0.10457,0.20079,0.31895,0.15076,0.094327,0.0050147,0.027378,0.19564,0.33881,0.21303,0.39037,0.12797,0.047046,0.14201,0.015791,0.40285,0.12032,0.12449,0.061664,0.20688,0.0088695,0.30091,0.10057,0.35094,0.0090879,0.53871,0.12936,0.076928,0.39368,0.26535,0.21529,0.045442,0.16276,0.15076,0.42723,0.15457,0.27586,0.029663,0.20825,0.18165,0.15651,0.42282,0.00035168,0.0058077,0.37442,0.60125,0.19891,0.38436,0.11191,0.42132,0.098063,0.20231,0.14941,0.34283,0.4737,0.043768,0.12039,0.18865,0.25782,0.066365,0.0010445,0.0016264,0.36688,0.017438,0.33098,0.15374,0.61012,0.47962,0.12014,0.2188,0.47174,0.27819,0.37671,0.15563,0.32809,0.043892,0.32118,0.052003,0.10086,0.0030482,0.28175,0.053501,3.0675e-05,0.24131,0.53172,0.16422,0.51661,0.4878,0.47492,0.35802,0.18396,0.12509,0.16688,0.19361,0.3376,0.31318
0.20946,0.037272,0.00024575,0.47837,0.15797,0.15592,0.081119,0.41234,0.15814,0.0070976,0.59817,0.031122,0.14493,0.043757,5.5197e-07,0.18348,0.0015711,0.29611,0.09994,3.8029e-08,0.0025231,0.13209,0.31727,0.030394,0.14546,0.19899,0.15413,0.26138,0.078657,0.25589,0.31514,0.14035,0.5698,0.16046,0.055858,0.026322,2.151e-06,0.033416,0.23817,0.04846,0.38789,0.056397,0.14087,0.43566,0.53271,0.036731,0.064034,0.29626,0.44129,0.1638,0.069224,0.51929,0.078824,0.2067,0.22137,0.19549,0.098701,0.0011148,0.59838,0.15185,0.32583,0.34879,0.10259,0.0040439,0.3928,0.28758,0.34817,0.39325,0.44667,0.01595,0,0.35143,0.29297,0,0.64242,0.43487,0.070643,0.15495,0.22553,0.11619,0.2682,0.11495,0.035844,0.018863,0.024831,0.096238,0.37737,0.12834,8.4129e-05,0.04162,0.0021238,0.12738,0.041778,0.77094,0.26454,0.51404,0.10396,0.13264,0.43032,0.028454,0.57288,0.34435,0.634,0.59146,0.87677,0.67617,0.26235,0.00019807,0.091614,0.46188,0.035385,0.20466,0.62517,0.26388,0.57114,0.91312,0.27165,0.99543,0.079365,0.001383,0.088355,0.29,0.54179,0.054102
0.34011,0.22153,0.302,0.56846,0.1588,0.2271,0,0,0.14312,0.12425,0.10346,0.24849,0,0.015585,0.00069446,0.00013453,0.45736,0.42582,0.27235,0,0.2237,0.53188,0.33776,0.015352,0.20877,0.21565,0.28756,3.0659e-08,0.067527,0.17352,0.036835,0.27798,0.20852,0.088162,0.259,0.063302,0.61613,0.35341,0.30744,0.43033,0.014822,0.62259,0.00095445,0.27079,0.046095,0.30636,0.035768,0.060949,0.28054,0.56312,0.031415,0.1926,0.49044,0.047131,0.34993,0.17628,0.44323,0.42793,0.047682,0.38535,0.031862,0.022321,0.00044563,0.32009,0.029783,0.12898,0.023456,0.18375,0.0060824,0.13179,0,0,0.048186,0.20507,0.0023057,0.00028452,0.67807,0.55793,0.17706,0,0.016399,0.1819,0.26867,0.2468,0.024106,0.00050966,0.064909,0.45471,0.00079472,0.13754,0.14759,0.00019865,0.0012151,0.033407,0.015724,0.00010868,0.12045,3.1435e-06,0.047829,0.1006,0.071148,0.044599,0.10857,0.023785,0.011376,0.10873,0.36914,0,1.3982e-05,1.3182e-05,0.068661,0.026417,0.067287,0.18869,0.016517,0.011242,0.12137,0.028484,0.033948,0.085339,0.18457,0.26454,0.28134,0.12845
0.0094251,0.005331,0.19661,0.0057473,0.24047,0.37659,0.47361,0.53888,0.36916,0.0095172,0.24309,0.004952,0.21925,0.28754,0.39182,0.21968,0.0087921,0.097265,0.096974,0.0052406,0.0021498,0.088278,0.1407,0.10315,0.13388,0.10597,0.30562,0.28126,0.15266,0.48826,0.52804,0.0017056,0.2759,0.055389,0.097127,0.033907,0.14913,0.021152,0.13276,0.064846,0.015472,0.16338,0.14799,0.44028,0.15403,0.077743,0.010126,0.15344,0.18421,0.059351,0.076962,0.33898,0.0040475,0.10284,0.0045947,0.17624,0.122,0.10056,0.27625,0.059492,0.32192,0.16939,0.3047,0.14999,0.41438,0.22801,0.27968,0.0090055,0.71279,0.31291,0.011273,0.37069,0.25421,0.54626,0.62541,0.065855,0.25177,0.30116,0.061741,0.29604,0.42861,0.19838,0.16691,0.042722,0.015098,0.53692,0.12272,0.0072647,0.0026509,0.041886,0.037969,0.20702,0.36724,0.23109,0.17252,0.11441,0.26581,0.059771,0.20363,0.10753,0.48802,0.31186,0.51347,0.38459,0.53813,0.70291,0.41448,0.15164,0.38694,0.44308,0.0087061,0.4299,0.2569,0.071818,0.43288,0.66959,0.64202,0.64825,0.099588,0.16019,0.033284,0.29065,0.29396,0.23116
0.12517,0.0035236,0.079033,7.1106e-05,0.10487,0.37457,0.18018,0.44195,0.10805,0.011062,0.69276,0.0024656,0.10186,0.0039233,0.01002,0.15025,0.055713,0.024618,0.64399,0.0023172,0.13444,0.1048,0.047793,0.047914,0.00065769,0.35066,0.25929,0.054768,0.16867,0.43045,0.279,0.14621,0.25462,0.014992,0.29055,0.23506,0.2503,0.34248,0.037494,0.063546,0.0010053,0.23922,0.054603,0.21735,0.013769,0.040232,0.066876,0.17074,0.21991,0.068469,0.21071,0.37917,0.30777,0.060305,0.092207,0.25445,0.33699,0.017883,0.40727,0.10269,0.078133,0.39379,0.014279,0.058862,0.55519,0.0079087,0.00015875,0.2256,0.27609,0.40826,2.015e-06,0.034914,0.15002,0.57443,0.62774,0.24743,0.072028,0.18327,0.31028,0.00051513,0.63911,0.14332,0.070067,0.011598,0.037071,0.065,0.13087,0.042741,0.023011,0.035257,0.14155,0.006791,0.092435,0.29941,0.18927,0.27298,0.11258,0.12039,0.16443,0.27182,0.42149,0.2566,0.35664,0.55146,0.52438,0.39228,0.46406,0.1833,0.40143,0.52583,0.16235,0.47693,0.50763,0.055921,0.34369,0.55152,0.12576,0.75704,0.078908,0.093846,0.07312,0.18781,0.51045,0.4408
0.096818,0.21184,0.23487,0.16947,0.33539,0.17053,0.30299,0.35484,0.24641,0.42751,0.39278,0.29198,0.63683,0.16489,0.36656,0.085282,0.026849,0.059946,0.36991,0.0085752,0.37215,0.17239,0.058176,0.089433,0.17799,0.17397,0.16015,0.21136,0.27728,0.20783,0.046309,0.33988,0.34816,0.08438,0.43433,0.034744,0.099578,0.486,0.16515,0.17858,0.17378,0.28467,0.44476,0.015918,0.0084128,0.57157,0.002585,0.07695,0.22064,0.20533,0.20506,0.10106,0.49628,0.24898,0.056351,0.26631,0.12312,0.28244,0.09697,0.24306,0.045726,0.12292,0.35124,0.12572,0.09578,0.2091,0.015212,0.17056,0.010587,0.52426,0.00015262,0.29804,0.14689,0.038266,0.34787,0.055377,0.2126,0.056817,0.094649,0.033849,0.10791,0.079057,0.037593,0.26562,0.27214,0.35496,0.26163,0.27149,0.20957,0.10517,0.50437,0.22245,0.048324,0.23972,0.085727,0.32082,0.12705,0.3147,0.41615,0.37651,0.16923,0.69244,0.29928,0.46578,0.10306,0.17183,0.33161,0.049294,0.15446,0.25753,0.56295,0.12474,0.065973,0.017101,0.016141,0.0001443,0.035059,0.082742,0.047517,0.26357,0.10373,0.22433,0.10753,0.20502
0.24251,0.16798,0.0022625,0.007048,0.10918,0.0033206,0.27118,0.14103,0.083942,0.15357,0.12952,0.19433,0.14121,0.00062894,0.00016568,0.010367,0.34177,2.69e-07,0.13331,0.0046629,0.24526,0.39571,0.073731,0.28971,0.28041,0.25327,0.17442,0.0047756,0.02844,0.26185,0.017881,0.36144,0.0011035,0.14496,0.12866,0.25694,1.5192e-08,0.23308,0.17764,0.29171,0.36844,0.22699,0.019268,0.054223,0.060413,0.018575,0.1226,0.17362,0.19501,0.30059,0.048072,0.30506,0.018086,0.0061357,0.39509,0.31444,0.14627,0.22166,0.023652,0.38974,0.44348,0.23464,0.19208,0.21121,0.4043,0.14579,0.24184,0.2402,0.003187,0.55219,0.084855,0.061348,0.37046,0.28557,0.042009,0.218,0.012406,0.19211,0.33394,0.054382,0.028028,0.2105,0.58119,0.044897,0.0056301,0.053562,0.063165,0.28664,0.0003324,0.083795,0.27463,0.26337,0.20061,0.10276,0.3465,0.25913,0.2888,0.3042,0.070733,0.077815,0.70619,0.11774,0.33418,0.19239,0.16556,0.087243,0.22492,2.389e-05,0.06223,0.0036478,3.4619e-06,0.052248,0.22662,0.25166,0.019182,3.8479e-08,0.15821,0.056265,0.16291,0.3119,0.25036,0.15625,0.26733,0.094424
0.20811,0.07274,0.3198,0.22542,0.11746,0.057844,0,0,0.08155,0.20235,0.018509,0.19369,0,0.0011135,1.2775e-05,0.00072828,0.18927,0.0057397,0.078547,0,0.06561,0.40265,0.037208,0.028799,0.18289,0.60327,0.031483,0.007419,0.011275,0.0046766,0.029179,0.50721,0.17119,0.061837,0.22455,0.0064477,0.45946,0.13026,0.38802,0.50118,0.063574,0.33478,0.054045,0.048155,0.00027603,0.38301,0.15998,0.0089245,0.29808,0.26373,0.099077,0.00050124,0.43101,0.13488,0.33036,0.67238,0.031441,0.49474,0.022601,0.18809,0.28434,0.0045588,0.00060247,0.1251,0.09028,0.066774,0.291,0.090444,0.045164,0.021438,0,0,0.14864,0.12943,0.0011985,0.067136,0.14207,0.11984,0.0060783,0,0.016618,0.10683,0.26542,0.041631,0.0067742,2.1568e-05,0.25539,0.0036469,0.00029747,0.25964,0.21844,0.0050402,0.046935,0.45362,3.4868e-06,0.00037622,0.49863,0.0035922,0.10251,0.096184,0.27523,0.13796,0.10972,0.14546,3.5641e-05,0.1727,0.12222,0.0011104,1.4667e-06,4.3299e-15,0.15029,0.36548,0.3594,0.1356,0.14267,0.018559,0.23972,0.0050691,0.026742,0.57635,0.10742,0.14283,0.077682,0.15077
0.19554,0.14424,0.51184,0.53086,0.21347,0.32679,0.009373,0.45852,0.035593,0.043814,0.2717,0.097383,0.50095,4.6849e-06,0,0.22588,0.20805,0.076023,0.19689,0,0.00228,0.51618,0.21751,0.085167,0.17167,0.053411,0.16027,0.2032,0.069419,0.51989,0.22781,0.33593,0.11755,0.0056937,0.086742,0.020792,0.54224,0.28014,0.16374,0.2047,0.066786,0.35367,0.47728,0.16764,0.56813,0.15327,0.019106,0.23753,0.20878,0.13299,0.3447,0.46483,0.25856,0.42105,0.50598,0.016246,0.17034,0.2758,0.18477,0.22836,0.1203,0.080275,0.12767,0.011211,0.025733,0.0010909,0.42656,0.22202,0.15878,0.076842,0,0,0.20617,0.2375,1.0069e-07,0.44334,0.088154,0.038682,0.021703,0.20386,0.15532,0.052752,0.35067,0.096547,5.0871e-05,0.043575,0.13187,0.20918,0.00036095,0.040246,0.23993,0.025371,0.01448,0.819,0.0019982,0.10069,0.15646,0.20085,0.11012,0.0049563,0.32957,0.050339,0.083671,0.12522,0.71615,0.59513,0.73649,0.0039714,0.025088,4.1516e-08,0.036717,0.083703,0.20734,0.072982,0.53284,0.84824,0.061884,0.077255,0.057341,0.27469,0.025049,0.050507,0.22169,0.08538
0.22583,0.22643,0.080381,0.4327,0.18924,0.18597,0.41852,0.41463,0.090624,0.05599,0.35383,0.016265,0.19648,0.19618,0.29611,0.10135,0.0053955,0.21791,0.20356,1.0225e-13,0.15655,0.076541,0.10428,0.29663,0.31443,0.16048,0.40198,0.099837,0.049586,0.31843,0.54364,0.164,0.27549,0.12332,0.24092,0.39603,8.1946e-07,0.83966,0.10899,0.090987,0.35901,0.26986,0.18054,0.22429,0.02918,0.24724,0.10014,0.24061,0.37862,0.063472,0.07273,0.067143,0.14911,0.40543,0.10289,0.021389,0.15279,0.25783,0.2589,0.41771,0.20556,0.39327,0.50387,0.12044,0.64949,0.64325,0.42444,0.36999,0.33968,0.36999,0,0.035256,0.43082,0.048016,0.6474,0.41914,0.025485,0.15248,0.17045,0.14976,0.58065,0.084435,0.26677,0.13025,0.16432,0.42408,0.084789,0.0035047,0.0012233,0.058594,0.23363,0.2753,0.11452,0.39897,0.63835,0.35917,0.23758,0.47761,0.3773,0.42101,0.29587,0.25281,0.32841,0.16599,0.49809,0.27905,0.45968,0.16461,0.67442,0.34379,0.24346,0.11331,0.45282,0.37566,0.058086,0.025575,0.049827,0.59591,0.093436,0.026953,0.082973,0.087918,0.31412,0.024784
0.059651,0.063838,0.062424,2.4926e-10,0.023842,0,0.023017,0.37477,0.19433,0.17494,0.44979,0.064809,0.10271,0.22085,0.0030723,5.459e-07,0.0095032,2.0584e-10,0.14903,0.14375,1.0718e-06,0.22729,0.087752,0.16156,0.51783,0.24013,0.063098,8.9531e-07,0.11257,0.52082,0.45019,0.21649,0.51597,0.0030528,0.3837,0.032927,0.57307,0.30574,0.10432,0.097259,0.2884,0.15138,0.00018759,0.32532,0.59801,0.18285,0.052149,0.4635,0.15811,0.004085,0.037097,0.3395,0.012533,0.16846,0.040509,0.13495,0.079894,0.23853,0.77232,0.032997,0.04731,0.47307,0.416,0.071527,0.37727,0.12765,0.27425,0.0017639,0.50305,0.38173,0.10255,0.44455,0.28205,0.15852,0.50409,0.55407,0.090826,0.12384,0.24073,0,0.082848,0.040905,0.082879,0.18371,0,0.0027355,0.010965,0.13175,0.14756,0.028812,0.038809,0.32294,0.17467,0.49288,0.29688,0.20249,0.25839,0.068534,0.092923,0.0088435,0.28369,0,0.54266,0.48437,0.64418,0.57,0.21615,1.4877e-14,0.11767,0.030024,0,0.28993,0.14714,0.5519,0.30456,0.69066,0.4502,0.69804,0.13132,0.065397,0.46385,0.11826,0.24701,0.042299
0.015303,0.054005,0.2229,0.00023221,0.097043,0,6.7617e-06,0.5705,0.28693,0.061439,0.36872,0.0086621,0.046935,0.001571,2.2422e-09,0.018464,0.22656,0,0.09236,0.32424,0.00079123,0.089152,1.3317e-07,0.11643,0.39936,0.027685,0.45236,0.0024431,0.024211,0.50396,0.27966,0.022961,0.50748,0.087848,0.030135,0.0051636,0.042197,0.37293,0.1936,0.11218,0.011596,0.11533,0,0.023988,0.17731,0.19554,0.012519,0.0019024,0.49126,0.041454,0.22449,0.3948,0.0025001,0.18183,0.018989,0.041414,0.097892,0.019777,0.3088,0.14711,0.09137,0.57985,0.32412,0.049406,0.61372,0.29925,0.00020734,0.087777,0.27826,1.7123e-05,4.352e-05,0.065156,0.084288,0.096376,0.17703,0.43405,0.064044,0.01227,0.25502,0,0.16012,0.073831,0.31513,0.038668,0,0.067248,0.0034525,0.00056051,0.08166,0.065806,0.023439,0.19706,0.2647,0.32208,0.25312,0.1206,0.12281,0.21666,0.063981,0.18908,0.0064285,0,0.26907,0.37701,0.80386,0.37989,0.31953,0,0.35298,0.21866,0,0.19539,0.28081,0.065994,0.46896,0.40085,0.40106,0.50151,0.14869,0.096607,0.02088,0.17733,0.029076,0.061517
0.47237,0.40835,0.23586,0.39553,0.10855,0.06335,0.28522,0.54574,0.44335,0.12459,0.097003,0.16741,0.53354,6.4421e-05,0.64447,0.57044,0.54426,0.45472,0.26639,0.068653,0.54866,0.021247,0.23044,0.14962,0.061445,0.17535,0.20447,0.077294,0.15961,0.52458,0.082639,0.25239,0.11637,0.1619,0.16303,0.19065,0.24208,0.0090994,0.50739,0.19711,0.43715,0.10866,0.10666,0.19585,0.3688,0.1422,0.53571,0.46521,0.32237,0.39246,0.274,0.42979,0.46671,0.34714,0.38407,0.2929,0.16897,0.39459,0.18298,0.42811,0.53213,0.31487,0.27341,0.45992,0.67941,0.055848,0.2019,0.40348,0.2855,0.0027434,0.023426,0.46175,0.12496,0.35568,0.50882,0.31751,0.40239,0.40112,0.066285,0.84096,0.14926,0.21227,0.3337,0.29142,0.34503,0.24367,0.09942,0.27363,0.23292,0.080128,0.35374,0.57449,0.37423,0.36104,0.093938,0.19155,0.22927,0.30012,0.11234,0.22627,0.067434,0.51969,0.047099,0.50728,0.21983,0.12397,0.44232,0.17265,0.26084,0.052715,0.63095,0.26,0.066464,0.27887,0.037767,0.36337,0.15176,0.27967,0.44205,0.21805,0.25473,0.12966,0.065038,0.045446
0.12832,0.17632,0.48129,0.087764,0.066649,0.7782,0.39038,0.56811,0.20902,0.31377,0.43006,0.20721,0.16736,0.072467,0.33673,0.44117,0.70249,0.34709,0.13599,0.25701,0.13362,0.25394,0.24746,0.24283,0.49609,0.12337,0.16183,0.0099294,0.18145,0.72622,0.27268,0.71249,0.34254,0.55873,0.37813,0.1864,0.096874,0.82022,0.19613,0.0033708,0.17135,0.067887,0.3278,0.14899,0.37177,0.19517,0.22832,0.21687,0.1939,0.028182,0.36652,0.64821,0.12977,0.28083,0.035469,0.39447,0.50114,0.56755,0.75516,0.36803,0.15093,0.78913,0.714,0.014126,0.81963,0.26066,0.64307,0.56053,0.58064,0.3707,0.53194,0.31228,0.49608,0.47706,0.21687,0.65153,0.08291,0.12835,0.45983,0.084048,0.1378,0.27037,0.2361,0.046028,0.45723,0.2053,0.061197,0.048901,0.14228,0.25266,0.41906,0.24369,0.01807,0.6625,0.58331,0.325,0.45097,0.077084,0.18448,0.14487,0.10822,0.21458,0.41075,0.15942,0.59762,0.81434,0.23105,0.65689,0.49244,0.62496,0.15248,0.25967,0.13202,0.18105,0.5477,1.3456e-05,0.25725,0.575,0.22943,0.16264,0.086575,0.1796,0.3337,0.05774
0.0056757,0.14615,0.32784,0.041844,0.15821,0.45172,1.3434e-14,0,0.084614,0.28276,0.76847,0.013203,0,2.5986e-12,0,0.083771,0.43723,0.48045,0.030981,6.6613e-14,0.0016917,0.43668,0.21054,0.009707,0.29172,0.26951,0.18015,0.0074182,0.078049,0.45926,0.37403,0.76006,0.60255,0.2075,0.63296,0.016511,0.87965,0.47317,0.063547,0.37042,0.00060031,0.091947,0.0019031,0.10518,0.014493,0.22718,0.004511,0.00069233,0.16812,0.026499,0.32716,0.61045,0.15344,0.59322,0.22424,0.048642,0.29563,0.012811,0.45086,0.079795,0.34319,0.32891,0.21266,0.13516,0.17431,0.25719,0.11543,0.098829,0.46042,0.059788,0,0,0.09372,0.090935,1.9429e-05,0.38229,0.19774,0.34221,0.25249,0,0.2546,0.017649,0.28115,0.13081,6.5044e-05,1.4441e-09,0.033365,0.0017009,0.0033303,0.1076,0.029498,0.067189,1.8592e-10,0.29747,0.040612,0.18564,0.49351,0.0034375,0.39658,0.29878,0.47775,0.11973,0.42595,0.65721,0.7884,0.59784,0.44331,0.20373,0.071691,5.2676e-05,0.01552,0.18628,0.27276,0.032955,0.69697,0.61839,0.07926,0.16714,5.2169e-13,0.12606,0.47661,0.095679,0.4321,0.0024434
0.23485,0.057814,0.01183,0.72818,0.20012,0.50852,0.044182,0.43943,0.21356,0.00097699,0.48703,0.039819,0.34089,0.42939,0.00022191,0.029949,0.13248,0.146,0.10669,0,0.00012049,0.28348,0.27497,0.1573,0.50314,0.19561,0.14771,0.066223,0.13306,0.19408,0.16288,0.052366,0.25327,0.54589,0.16805,0.066965,0.3223,0.25437,0.31113,0.091982,0.028884,0.075511,0.022351,0.074636,0.81933,0.19563,0.05336,0.0091129,0.071398,0.066335,0.2229,0.67167,0.024394,0.05929,0.35759,0.51568,0.32761,0.40347,0.45237,0.48546,0.2088,0.058694,0.14246,0.30073,0.11003,0.0054285,0.034794,0.25007,0.27066,0.25526,0,0,0.044333,0.028044,0.22368,0.28162,0.35774,0.14323,0.25666,0.59802,0.12959,0.23753,0.18932,0.36356,0.068234,0.41524,0.3048,0.056796,1.071e-05,0.2204,0.098504,0.25311,0.053979,0.45783,0.081388,0.18909,0.0071275,0.19136,0.36197,0.43586,0.14436,0.36168,0.15039,0.67709,0.64063,0.12238,0.51502,9.0379e-08,0.023132,0.046358,0.15849,0.11846,0.34606,0.15713,0.57502,0.14512,0.12528,0.1135,0.025667,0.26397,0.15594,0.27693,0.10731,0.066808
0.11926,0.11627,0.039392,0.16662,0.28428,0.18652,0.23272,0.43572,0.21022,0.29065,0.5539,0.1939,0.0016579,0.020986,0.0002185,0.23448,0.046742,0.21047,0.15795,0.0043159,0.13758,0.6643,0.35746,0.1958,0.095132,0.1454,0.56101,0.11485,0.1132,0.29732,0.20817,0.23958,0.57086,0.30709,0.11586,0.33995,0.00029631,0.62915,0.13095,0.064131,0.13958,0.28539,0.083652,0.27695,0.23929,0.15093,0.14923,0.43998,0.13182,0.18186,0.082069,0.3089,0.097868,0.1744,0.25005,0.25657,0.010318,0.065604,0.45106,0.17556,0.19701,0.63002,0.3809,0.092389,0.39767,0.53689,0.14428,0.11002,0.18359,0.33228,2.2204e-16,0.17073,0.24419,0.0028267,0.57359,0.38084,0.18458,0.10277,0.25078,0.14528,0.37243,0.11225,0.032107,0.23998,0.10739,0.073583,0.28629,0.16614,0.081685,0.032555,0.054216,0.49881,0.39879,0.35488,0.07394,0.27854,0.35041,0.3098,0.37908,0.18001,0.30908,0.33041,0.45171,0.55898,0.57575,0.46686,0.20427,1.357e-06,0.39765,0.53068,0.19005,0.26036,0.41048,0.20039,0.042266,0.0016051,0.50572,0.90882,0.02045,0.071126,0.23058,0.20419,0.32812,0.12072
0.14799,0.29469,0.084654,0.10073,0.12455,0.18973,0.35075,0.13093,0.49853,0.25892,0.033971,0.43023,0.31981,3.4914e-05,0.017938,0.19851,0.015842,0.022113,0.37912,0.051047,0.21881,0.16329,0.029902,0.097014,0.043767,0.05487,0.22008,0.11324,0.39831,0.0045628,0.084674,0.00684,0.0097232,0.0065532,0.15027,0.26026,0.21341,0.022847,0.37332,0.82502,0.040293,0.48896,0.0084854,0.21031,0.30419,0.045478,0.33418,0.29882,0.29721,0.47992,0.2617,0.014982,0.29592,0.045463,0.25338,0.25511,0.090494,0.10568,0.36007,0.072775,0.46624,0.077224,0.020025,0.63988,0.065832,0.062102,0.042179,0.22784,0.060916,0.26695,1.1047e-13,0.099255,0.12731,6.5205e-05,0.26247,0.10039,0.77887,0.34594,0.058129,0.23614,0.094058,0.33743,0.46261,0.43166,0.55974,0.066258,0.54821,0.17746,0.26969,0.192,0.49652,0.13113,0.19491,0.54865,0.14273,0.057124,0.074787,0.38865,0.12474,0.20374,0.031031,0.37685,0.073073,0.13781,0.066181,0.15256,0.044864,2.1198e-07,0.00077308,0.097521,0.25455,0.031461,0.030398,0.028579,0.012699,0.0044487,0.058994,0.10914,0.08869,0.30849,0.051363,0.45472,0.28426,0.33798
0.25523,0.20868,0.010301,0.35111,0.35164,0.36349,0,0,0.41312,0.12697,0.19574,3.6966e-06,0,0,8.3221e-07,0.015585,0.16993,0.26227,0.34348,4.5519e-15,0.060879,0.48574,0.023928,0.13944,0.32785,0.45097,0.47041,3.1174e-10,0.0051268,0.31927,0.0055606,0.22073,0.093584,0.015555,0.19903,0.031818,0.23061,0.093949,0.30853,0.24961,0.11997,0.21843,0.21707,0.33469,0.018668,0.18646,0.066175,0.061831,0.095064,0.27522,0.12345,0.21202,0.44737,0.037067,0.22616,0.12544,0.074403,0.17281,0.10657,0.072023,0.089365,0.12387,0.0034214,0.26679,0.18635,0.18532,0.21422,0.074672,0.12895,0.44333,5.1817e-08,5.6621e-15,0.42451,0.063638,0.31423,0.34384,0.23057,0.020485,0.012907,1.0893e-06,0.018203,0.0705,0.087886,0.071744,0.022365,0,0.20786,0.061087,1.4988e-14,0.29138,0.35353,0.013826,0.00059872,0.36094,1.9625e-05,0.026425,0.27916,0.15326,0.24319,0.072333,0.54805,0.37111,0.23213,0.47921,0.25441,0.015207,0.094191,0.029566,0.050608,0.00022875,0.07867,0.44708,0.32368,0.057694,0.21154,0.11478,0.15083,0.5069,0.0004246,0.152,0.18768,0.65618,0.21134,0.0046147
0.17058,0.31837,0.11888,0.24921,0.1043,0.024295,0.35231,0.63853,0.02183,0.46264,0.37876,0.096822,0.40145,0.053703,0.0017072,0.058796,0.22974,0.0027202,0.17302,1.0301e-05,0.29894,0.12098,0.18789,0.02767,0.63798,0.094688,0.13718,0.072823,0.41839,0.080671,0.082185,0.28819,0.089676,0.083199,0.096645,0.10599,1.1603e-05,0.15465,0.30468,0.23242,0.40873,0.23677,0.032407,0.16297,0.0069563,0.034339,0.045238,0.48449,0.099347,0.10134,0.13866,0.0026671,7.4559e-05,0.080733,0.36511,0.13012,0.061606,0.1376,0.2464,0.015289,0.11223,0.164,0.034505,0.063652,0.044276,0.038228,0.19706,0.11334,0.064757,0.010384,0.0033212,0.081943,0.30456,0.097691,0.12358,0.085467,0.14604,0.18596,0.081974,0.00026673,0.29473,0.18126,0.25268,0.21615,0.27878,0.44132,0.55854,0.14708,4.356e-07,0.23006,0.32414,0.091937,0.060612,0.10613,0.17724,0.060965,0.01722,0.2182,0.18014,0.0086202,0.58634,0.38563,0.067214,0.042968,0.028421,0.29571,0.17063,0.0051494,0.45316,0.033168,0.27032,0.31271,0.21462,0.12171,0.21026,3.4536e-11,0.12388,0.2704,0.33196,0.0078623,0.044825,0.36318,0.30962,0.098867
0.31491,0.24292,0.033409,0.34649,0.12335,0.065268,0.053924,0.059265,0.19827,0.13558,0.36946,0.13058,0.31992,0.0012486,0.0088579,0.060234,0.54526,0.034015,0.22041,0.073002,0.23268,0.11745,0.39133,0.13189,0.23662,0.31102,0.0032439,0.033414,0.23958,0.048696,0.14803,0.3246,0.061803,0.23108,0.11167,0.036275,0.41264,0.40069,0.18123,0.1505,0.60998,0.072349,0.00042775,0.37542,0.079443,0.25896,0.1727,0.27291,0.43781,0.76782,0.21579,0.42468,0.076382,0.082062,0.075873,0.15401,0.1732,0.34272,0.11827,0.086452,0.57093,0.015861,0.14506,0.088541,0.2318,0.52769,0.089167,0.13471,0.416,0.12108,4.7262e-08,0.23917,0.088329,0.26044,0.33948,0.11044,0.11675,0.4199,0.24359,0.19152,0.48242,0.16401,0.08017,0.5036,0.38256,0.051732,0.29956,0.18147,0.17055,0.25011,0.21061,0.40315,0.2338,0.43166,0.31986,0.2236,0.15173,0.39053,0.22186,0.25942,0.14843,0.22775,0.044572,0.10743,0.040026,0.22819,0.40303,0.0073523,0.3216,0.10366,0.33281,0.38214,0.12917,0.37705,0.034874,0.46926,0.44882,0.23185,0.20813,0.29014,0.58261,0.085308,0.14802,0.36438
0.067364,0.097469,0.03529,0.11945,0.23561,0.26233,0.29725,0.16794,0.56802,0.31002,0.082184,0.14888,0.18019,0.00011169,0.019853,0.10134,0.14081,0.18744,0.12113,0.046523,0.25521,0.30331,0.60398,0.19096,0.042513,0.47631,0.23534,0.28237,0.16981,0.07813,0.3798,0.14259,0.39799,0.31477,0.049686,0.095437,0.01141,0.2696,0.050882,0.17118,0.012852,0.059944,0.13523,0.053549,0.025777,0.093835,0.10344,0.11487,0.1611,0.034598,0.32325,0.127,0.0081399,0.45848,0.022953,0.38062,0.20045,0.29175,0.1182,0.34129,0.14025,0.47428,0.1467,0.085181,0.21516,0.12314,0.1182,0.13108,0.03453,0.0092758,6.1318e-09,0.003488,0.31696,0.040428,0.16978,0.50069,0.025766,0.44045,0.2393,0.0012981,0.027203,0.091236,0.067919,0.11348,0.05179,0.19772,0.13695,0.21718,0.0016408,0.28868,0.31877,0.39596,0.64567,0.60756,0.22296,0.11609,0.057815,0.034515,0.29155,0.10073,0.36285,0.062665,0.11972,0.043244,0.23245,0.089679,0.024125,1.2413e-07,0.13088,0.070916,0.040307,0.22546,0.31245,0.29502,0,0.011971,0.35266,0.41895,0.071858,0.3649,0.217,0.090363,0.068352,0.080672
0.071383,0.56309,0.0097523,0.00025746,0.40067,0,0.0007802,0.0089234,0.42622,0.072861,0.1251,0.54017,0.0521,4.1486e-11,6.3395e-08,6.0712e-09,0.025291,0,0.055778,0.034846,0.00064168,0.038463,3.5587e-09,0.0063488,0.28064,0.44391,0.12768,0.017065,0.054278,0.057873,0.036296,0.041327,0.018542,0.12985,0.34546,0.018813,0.00059635,0.039808,0.41127,0.56196,0.56385,0.61488,3.8803e-07,0.36679,0.072407,0.016412,0.28489,0.013791,0.29859,0.44853,0.28716,0.23997,0.18552,0.041344,0.20577,0.33172,0.075201,0.2574,0.092878,0.086484,0.43419,0.092614,0.061633,0.095834,0.00034623,0.045089,0.045636,0.15938,0.053552,8.6124e-08,0.0037768,0.061215,0.23193,0.036099,0.086119,5.7694e-06,0.75743,0.40081,0.1789,1.1102e-16,0.090923,0.087855,0.15297,0.087466,0,0.14173,0.043565,0.27325,0.15403,0.11967,0.14114,0.094023,0.0054743,0.51115,0.0063598,0.039105,0.074775,0.33176,0.15137,0.23183,0.29396,0,0.04976,0.086915,0.0037624,0.0033062,0.059735,0,0.0024676,0.0024547,8.5487e-15,0.05907,0.15419,0.34072,0.23573,0.22168,0.27969,0.015642,0.47174,0.10809,0.18602,0.044935,0.02936,0.74888
0.46732,0.17635,0.49655,0.47769,0.16161,0.7803,0.75021,0.4149,0.25223,0.31639,0.17427,0.26254,0.2046,0.0027366,0.18942,0.4854,0.39781,0.68905,0.035298,0.11239,0.21511,0.04511,0.56356,0.022057,0.10273,0.11053,0.22085,0.54929,0.28295,0.71907,0.17884,0.64019,0.55379,0.26836,0.69064,0.57486,0.24008,0.24819,0.16741,0.1334,0.35875,0.33142,0.054304,0.40793,0.30782,0.25478,0.27532,0.50135,0.028215,0.083983,0.40737,0.50762,0.18565,0.474,0.44427,0.21243,0.45842,0.34582,0.40267,0.41659,0.13945,0.50682,0.27003,0.22785,0.57268,0.34291,0.3462,0.26554,0.24363,0.52616,0.050981,0.013086,0.24836,0.18742,0.39785,0.21053,0.11157,0.39271,0.21449,0.00034568,0.19278,0.12003,0.49073,0.16061,0.33132,0.45433,0.19215,0.24514,0.070837,0.11493,0.28042,0.56886,0.12592,0.56776,0.062152,0.47995,0.25818,0.013702,0.32006,0.090571,0.39389,0.44532,0.55984,0.46898,0.33437,0.23108,0.46818,0.12552,0.224,0.42739,0.21267,0.14989,0.035637,0.061438,0.021897,0.24185,0.28644,0.36749,0.28245,0.52756,0.32867,0.18777,0.35708,0.18768
0.39235,0.11866,0.34818,0.43158,0.32703,0.33769,0.020952,0.16944,0.31386,0.39734,0.32643,0.40724,0.22881,0.00077604,1.5284e-09,0.00093983,0.33947,0.14601,0.27396,0,0.0088,0.40915,0.26213,0.38214,0.4745,0.16508,0.56856,0.090686,0.30958,0.37972,0.080214,0.33294,0.17623,0.20684,0.35789,0.21582,0.26984,0.17846,0.47257,0.3084,0.076815,0.18905,0.0022694,0.15008,0.032668,0.069094,0.14063,0.096296,0.21188,0.24508,0.078459,0.26039,0.21893,0.34175,0.17258,0.099869,0.14625,0.34942,0.012435,0.28184,0.19861,0.098086,0.12456,0.026723,0.020199,0.060034,0.19597,0.17437,0.068762,0.52862,0,0,0.079813,0.15727,0.17599,0.09419,0.17111,0.29017,0.47334,0.30754,0.52684,0.16315,0.59327,0.063804,0.045315,0.011124,0.053348,0.18084,3.1599e-07,0.20212,0.65045,0.020171,0.0050892,0.06755,0.16793,0.042105,0.60136,0.23229,0.22075,0.084196,0.47234,0.14348,0.31931,0.31809,0.36681,0.40306,0.16121,0.046272,0.15146,0.051416,0.11903,0.041094,0.2317,0.16405,0.19549,0.45443,0.24768,0.18451,0.15679,0.0010462,0.076816,0.18885,0.073635,0.052875
0.15725,0.0154,0.41621,0.6935,0.053778,0.68553,0,1.1102e-16,0.347,0.16315,0.24705,0.033704,0,0.029135,0.0004555,0.72265,0.0068218,0.49951,0.08752,9.352e-05,0.14207,0.3922,0.38417,0.066006,0.57101,0.027824,0.38324,0.020708,0.080894,0.64819,0.28839,0.22604,0.29962,0.54569,0.44226,0.49989,0.73372,0.15491,0.18891,0.10213,0.013364,0.11944,0.33161,0.35398,0.25447,0.30164,3.7046e-05,0.038452,0.070717,0.042831,0.46394,0.83436,0.085241,0.43511,0.11337,0.036454,0.19246,0.33034,0.59208,0.22664,0.26274,0.56032,0.22897,0.16346,0.83656,0.5322,0.27154,0.18143,0.46416,0.31721,5.6176e-05,0.00030886,0.29983,0.0061424,0.47364,0.5535,0.022515,0.048451,0.20226,2.7055e-07,0.35651,0.083489,0.26694,0.20836,0.00029364,2.1527e-13,0.09415,0.1111,1.1971e-06,0.21036,0.04351,0.28266,0.24979,0.34635,0.079893,0.45517,0.45717,0.0062994,0.58085,0.25596,0.47429,0.79932,0.62176,0.25034,0.64934,0.76135,0.48553,0.017309,0.35356,0.038499,0.016841,0.58269,0.3506,0.11788,0.55942,0.26465,0.22005,0.097553,0.031769,0.050786,0.22236,0.24023,0.066758,0.0065264
0.12165,0.057852,0.32525,0.20428,0.34064,0.17471,0.29567,0.38733,0.13358,0.16813,0.29544,0.11228,0.22949,0.16138,0.067112,0.20245,0.29352,0.2006,0.42916,0.28115,0.25732,0.51722,0.26748,0.21899,0.4152,0.47863,0.41441,0.15008,0.16361,0.82111,0.32941,0.63713,0.38724,0.66513,0.33433,0.4526,0.48202,0.43665,0.13452,0.080015,0.19492,0.083208,0.80835,0.064172,0.6561,0.2799,0.052306,0.012719,0.083847,0.023843,0.17182,0.67847,0.0045204,0.54288,0.058745,0.13798,0.17069,0.046391,0.14307,0.23986,0.1255,0.61465,0.53213,0.10491,0.62805,0.0026677,0.35049,0.14922,0.43385,0.080516,0.03978,0.11086,0.13925,0.46932,0.3923,0.4956,0.23527,0.24602,0.35727,0.12296,0.4047,0.15961,0.23775,0.070001,0.062729,0.32123,0.13104,0.1402,0.025661,0.097632,0.13186,0.26149,0.57363,0.060468,0.43398,0.539,0.54151,0.22692,0.49317,0.43423,0.53054,0.082633,0.61308,0.66693,0.7085,0.25419,0.55168,0.15151,0.62711,0.3575,0.067391,0.91432,0.49157,0.61347,0.44078,1.3093e-10,0.10263,0.79775,0.29632,0.088941,0.10872,0.38561,0.40481,0.1929
0.12067,0.24644,0.13714,4.1197e-05,0.2075,0,0.10269,0.040441,0.15955,0.066726,0.14757,0.57507,0.40959,0.00049081,5.8831e-09,2.6769e-05,0.56801,0,0.17465,0.011732,0.0089911,0.19087,4.0716e-07,3.6495e-05,0.011651,0.032266,0.097569,0.013699,0.13326,0.011714,0.010962,1.4051e-09,0.023105,0.015585,0.0055399,6.3454e-05,0.012782,0.13835,0.33513,0.1546,0.2288,0.34368,0,0.33281,0.013179,0.12729,0.30139,0.17763,0.26929,0.58779,0.17973,0.040578,0.0039587,0.0015154,0.40496,0.15148,0.0075667,0.10992,0.042548,0.015892,0.72171,3.9017e-05,0.0031738,0.3024,0.033733,0.060463,0.16441,0.3076,0.065254,0.00040603,0.0074289,0.0025217,0.2296,0.128,0.037065,2.4631e-07,0.35155,0.17536,0.014747,0,0.0020909,0.19555,0.24258,0.21255,0,0.029221,0.10158,0.10682,0.14651,0.54334,0.16741,0.013456,0.016234,0.46447,0.027466,0.00056612,0.0030473,0.16219,0.058807,0.16641,0.06026,0,3.9219e-06,0.0070148,0.062582,0.0079785,0.015039,0,0.014502,2.8807e-05,1.0966e-05,0.23282,0.068207,0.025155,0.30856,0.32255,0.082512,0.30849,0.33388,0.42968,0.37514,0.31593,0.10986,0.13025
0.057244,0.30212,0.031679,0.89153,0.14002,0.65202,0.035856,0.038004,0.10334,0.24782,0.075573,0.35082,0.29762,0.026174,5.7069e-06,0.085236,0.011324,0.65509,0.48425,0,0.21473,0.36826,0.6917,0.2371,0.010004,0.0050799,0.093303,0.25695,0.27964,0.031955,0.20062,0.044148,0.054007,0.0045023,0.076197,0.14642,0.10725,4.0074e-06,0.32998,0.27791,0.31238,0.15535,0.027587,0.36358,0.23379,0.29005,0.44902,0.45767,0.21766,0.30156,0.45503,0.25538,0.17459,0.2416,0.22483,0.36207,0.16578,0.11869,0.12913,0.075716,0.24198,0.014157,0.19941,0.0046202,0.38161,0.066362,0.058516,0.5315,0.0053384,0.2666,0,0,0.099226,0.039506,0.067935,0.25489,0.14571,0.28365,0.070413,0.31622,0.012342,0.1924,0.53836,0.54811,0.3523,0.26018,0.1132,0.44526,0.0076543,0.079088,0.16603,0.015716,0.034363,0.29858,0.085918,0.26171,0.042472,0.40605,0.039117,0.32013,0.018426,0.50369,0.003774,0.086784,0.16514,0.0030957,0.0197,0.03732,2.6833e-07,0.0018817,0.10846,0.0050713,0.095436,0.30844,0.0031179,0.086304,0.033219,0.013427,0.42677,0.268,0.18131,0.14205,0.077507,0.1257
0.2099,0.57761,0.070381,0.085921,0.061233,0.34592,0.055728,0.072645,0.27135,0.067077,0.067592,0.16317,0.41233,0.087325,0.57353,0.22963,0.057206,0.19102,0.087956,0.016315,0.3247,0.064848,0.35553,0.25658,0.13446,0.14955,0.025923,0.08685,0.37561,0.045668,0.1222,0.095623,0.29453,0.010096,0.11124,0.086343,0.2454,0.12694,0.24607,0.073574,0.28682,0.16791,0.42678,0.0063618,0.067563,0.098794,0.23144,0.26499,0.42996,0.070432,0.24971,0.25975,0.36818,0.19879,0.57973,0.046076,0.086046,0.23365,0.20724,0.14374,0.22946,0.090572,0.14158,0.13016,0.077182,0.13437,0.10684,0.14782,0.22448,0.1201,0.19804,0.12387,0.47204,0.032117,0.19623,0.36828,0.25951,0.35626,0.069142,0.47184,0.21464,0.28599,0.42068,0.47624,0.55369,0.23482,0.34301,0.17636,0.44826,0.25616,0.33567,0.3931,0.084107,0.092091,0.23537,0.12722,0.0038184,0.30262,0.03139,0.3729,0.2258,0.43246,0.21994,0.35194,0.27595,0.20199,0.01045,0.10234,0.020033,0.0075416,0.039752,0.12148,0.14722,0.18456,0.00053431,0.15168,0.095091,0.27312,0.32473,0.21215,0.076387,0.17328,0.16505,0.046873
0.41995,0.22545,0.36392,0.20804,0.3285,0.26175,0.26548,0.13634,0.3216,0.044159,0.13458,0.28144,0.048249,0,4.4409e-15,0.037217,0.29031,0.036386,0.37804,3.4662e-08,0.22941,0.16316,0.085827,0.16552,0.1165,0.1044,0.25211,0.096655,0.040923,0.04626,0.2647,0.19385,0.37595,0.21854,0.41853,0.2833,0.19404,0.41405,0.31096,0.45568,0.041342,0.18703,0.0061843,0.14423,0.0095165,0.22154,0.24231,0.071877,0.34026,0.41994,0.4537,0.25735,0.27199,0.17167,0.37532,0.16778,0.39564,0.1442,0.14588,0.10411,0.45179,0.095897,0.0059301,0.17022,0.21461,0.00098355,0.011407,0.14884,0.004533,0.040415,0,0.23927,0.11759,0.094734,0.29676,0.05741,0.30307,0.42012,0.33209,0.24309,0.12727,0.10734,0.18573,0.35256,0.15283,0.0022167,0.25804,0.53551,0.016117,0.19988,0.21309,0.1876,0.10638,0.53691,0.072214,0.10635,0.16438,0.020983,0.07122,0.30077,0.2455,0.19258,0.364,0.39968,0.32336,0.011853,0.19132,2.0702e-08,0.00168,0.14216,0.11454,0.63982,0.035434,4.8569e-05,0.016849,0.28107,0.23512,0.0044472,0.61005,0.093209,0.47577,0.055191,0.049695,0.21712
0.32323,0.15093,0.20074,0.40589,0.18605,0.37874,0.26336,0.31701,0.2981,0.21278,0.2781,0.19557,0.04312,6.7016e-08,0.20427,0.33704,0.36465,0.30404,0.10933,0.23132,0.0036827,0.28395,0.31635,0.17817,0.21676,0.087281,0.42196,0.30755,0.13284,0.31396,0.094979,0.2829,0.26052,0.43091,0.18859,0.31285,0.28221,0.43596,0.34068,0.11523,0.38418,0.55931,0.27466,0.21592,0.11183,0.36588,0.051446,0.30735,0.086583,0.12362,0.14583,0.55412,0.25053,0.33969,0.10007,0.042288,0.091352,0.65072,0.26652,0.23529,0.28056,0.65936,0.48886,0.68969,0.57493,0.13228,0.37482,0.47087,0.0089438,0.41943,4.1175e-07,0.20232,0.27798,0.087198,0.20408,0.20396,0.42266,0.3959,0.48701,0.22195,0.10106,0.5697,0.28749,0.13944,0.12721,0.058,0.18504,0.23979,0.034635,0.24664,0.0033262,0.15468,0.40177,0.14657,0.44558,0.42641,0.29479,0.35248,0.25451,0.1944,0.15588,0.10463,0.13065,0.11049,0.1343,0.24573,0.38818,0.011085,0.12803,0.41932,0.29859,0.28829,0.18804,0.63394,0.074965,0.16925,0.27382,0.12834,0.064749,0.17962,0.077005,0.25124,0.051128,0.10491
