0.097222,0.10509,0.095564,0.0099067,-0.1168,-0.14483,-0.15595,-0.087974,-0.016067,-0.0006465,-0.036837,-0.0097473,-0.0054166,-0.054346,-0.10934,-0.15629,-0.15551,-0.067428,0.013229,-0.051244,-0.087323,-0.13866,-0.14238,-0.17035,-0.12632,-0.10978,-0.089811,-0.14507,-0.13808,-0.061926,-0.031429,-0.11966,-0.13389,-0.13871,-0.17082,-0.17614,-0.12168,-0.12336,-0.15047,-0.14236,-0.085403,-0.059739,-0.024523,0.011865
0.34092,-0.056235,-0.39748,-0.20478,0.10128,0.29584,0.053129,-0.15283,-0.12218,0.1333,0.37541,0.60117,0.63082,0.49095,0.144,-0.15724,-0.25023,-0.27704,-0.12182,0.13784,0.33253,0.41243,0.54497,0.39033,0.37923,0.48513,0.43818,0.047126,0.2345,0.48732,0.45977,0.31181,0.3731,0.45178,0.59595,0.87858,0.82679,0.82962,0.80056,0.85592,0.85029,0.99743,0.85636,0.70447
-0.14322,-0.060465,0.0082029,0.04026,0.05971,0.09937,0.060065,-0.025655,-0.076752,-0.0084543,0.042944,0.012159,-0.024397,-0.060959,-0.024027,0.020524,0.038229,0.049618,0.054595,0.010567,-0.030335,0.034042,0.057682,0.082801,0.036889,0.031309,0.063073,0.10808,0.065403,0.049257,0.09431,0.057621,0.013494,-0.047254,-0.057875,-0.094789,-0.060547,-0.017384,-0.036367,-0.12004,-0.122,-0.087813,-0.12224,-0.17104
0.11963,0.014714,-0.096764,-0.18145,-0.040085,0.090229,0.038394,-0.076648,-0.060354,-0.063868,-0.10685,-0.083849,-0.075939,-0.025944,0.027407,0.037761,-0.033604,-0.035607,-0.017283,-0.049065,-0.015669,0.001817,-0.0050657,-0.052725,-0.031673,-0.050352,-0.020567,-0.014689,0.0072191,-0.003326,0.012154,-0.044753,-0.11051,-0.091044,0.0031905,0.06468,-0.0047093,-0.015409,-0.013747,-0.031972,-0.12098,-0.10421,-0.090311,-0.082796
0.07767,0.025189,-0.019214,-0.040853,-0.02763,0.0019168,-0.00045445,-0.046223,-0.088039,-0.02494,-0.0098709,-0.059709,-0.13167,-0.052203,0.044011,0.09579,0.059449,0.013593,-0.0012858,0.025803,0.062615,0.077554,0.043097,-0.015257,-0.03294,-0.012878,0.0090113,0.054807,0.040892,-0.027009,-0.10323,-0.083429,-0.10027,-0.10583,-0.043262,0.018186,-0.0041638,-0.051607,-0.071969,-0.10518,-0.16141,-0.20461,-0.18594,-0.15275
-0.057715,-0.017882,0.001729,-0.04818,-0.0012394,0.11863,0.16481,0.10787,0.027603,0.041547,0.088805,0.13439,0.14354,0.091111,-0.00828,-0.12236,-0.15749,-0.097717,-0.034758,-0.029194,-0.0027883,0.068963,0.032045,-0.025166,-0.058582,-0.010104,0.028565,0.0017241,-0.078523,-0.11999,-0.094784,-0.042391,0.0042315,-0.0060184,-0.04235,-0.076284,-0.12121,-0.11702,-0.085175,-0.07732,-0.14622,-0.20135,-0.21998,-0.23155
-0.006496,-0.0071161,-0.0059485,0.045975,0.028328,0.024163,0.0046964,-0.012243,-0.077972,-0.096691,-0.098612,-0.10221,-0.05551,-0.076409,-0.13668,-0.18741,-0.17136,-0.067933,0.011664,-0.029542,-0.13535,-0.079359,-0.064369,-0.10613,-0.16831,-0.11297,-0.10494,-0.063423,-0.078111,-0.10201,-0.16542,-0.15508,-0.17472,-0.2316,-0.24789,-0.21707,-0.19389,-0.19419,-0.2371,-0.28568,-0.25455,-0.1894,-0.13141,-0.071558
-0.097125,-0.033899,0.018206,0.054872,0.04838,0.013497,-0.057891,-0.068722,-0.092243,-0.055692,-0.0712,-0.069593,-0.057737,-0.04592,-0.062256,-0.07839,-0.083956,-0.086871,-0.030202,-0.025202,-0.06478,-0.026612,-0.010309,0.00041418,-0.06585,-0.090384,-0.1192,-0.028353,0.012706,-0.014695,-0.055568,-0.04727,-0.057566,-0.12394,-0.15714,-0.14785,-0.13778,-0.14998,-0.16505,-0.20619,-0.21681,-0.18957,-0.1944,-0.20747
0.035816,0.024443,0.0090414,-0.024559,-0.0017171,-0.016006,-0.021839,-0.014313,-0.047703,-0.039658,0.0088226,0.036036,0.011561,-0.06708,-0.11254,-0.13198,-0.10869,-0.091813,-0.054118,-0.031016,0.026366,-0.001431,-0.09017,-0.097396,-0.034581,-0.0087821,-0.052854,-0.05252,-0.044428,-0.032774,-0.058213,-0.058759,-0.0070551,-0.010468,-0.021034,-0.066473,-0.10321,-0.082831,-0.035888,-0.043117,-0.052871,0.037343,0.015414,-0.024153
-0.0093319,0.0079947,0.025833,0.0016373,-0.024911,0.0016742,0.074941,0.12479,0.2085,0.19604,0.11186,0.052936,0.037006,0.024786,0.077201,0.080097,0.048024,0.075533,0.11166,0.052974,0.024907,0.049339,0.089678,0.14941,0.13119,0.082653,0.041199,0.055571,0.05899,0.086898,0.024336,-0.038151,-0.048711,0.041642,0.05272,0.038368,0.06563,0.10365,0.070052,0.025047,0.075359,0.050333,0.014756,-0.027348
-0.05508,-0.012823,0.030671,0.053591,-0.001721,-0.064108,-0.10372,-0.1043,-0.09236,-0.089949,-0.12333,-0.10761,-0.047116,0.029706,0.021114,-0.037341,-0.063337,-0.087659,-0.035636,-0.00014973,0.0083788,-0.068101,-0.075757,-0.059242,-0.056213,-0.10443,-0.097886,-0.032602,0.009253,-0.025896,-0.098724,-0.1107,-0.070749,-0.034472,-0.074973,-0.10184,-0.11832,-0.13107,-0.17888,-0.13262,-0.080697,-0.048939,-0.030431,0.0021658
-0.0034593,-0.064186,-0.10739,0.014679,0.084407,0.10095,0.044994,0.14695,0.26392,0.22923,0.14427,0.26365,0.28505,0.12251,0.00060608,0.041284,0.19657,0.22928,0.17245,0.044388,0.15221,0.25847,0.21585,0.069077,0.056657,0.17316,0.19048,0.24117,0.27635,0.26018,0.14193,0.085758,0.14865,0.20769,0.18492,0.12841,0.16299,0.16714,0.15368,0.21391,0.20986,0.12083,0.079146,0.068881
0.021982,0.0077126,-0.0059669,-0.015979,-0.011921,0.035331,0.093346,0.17472,0.26299,0.29029,0.33029,0.36913,0.33667,0.21771,0.14184,0.089568,0.050299,0.017097,0.033915,0.1648,0.29793,0.28171,0.20806,0.16875,0.25355,0.40456,0.43249,0.26952,0.12383,0.15949,0.19657,0.19415,0.18913,0.27821,0.33044,0.29624,0.25224,0.30168,0.31936,0.2369,0.18561,0.23546,0.32533,0.41118
0.30115,0.15285,0.0087602,-0.1011,-0.13673,-0.15712,-0.095133,-0.039707,-0.050914,-0.10407,-0.11038,-0.095631,-0.062502,-0.10496,-0.18058,-0.21673,-0.01751,0.33206,0.67009,0.68993,0.43478,0.19284,0.11056,0.11256,0.11926,0.10525,-0.0010408,-0.06938,0.0071033,0.042152,0.014791,-0.010106,-0.026244,-0.092468,-0.096019,-0.016982,0.043735,0.015474,-0.070859,-0.14161,-0.1785,-0.21386,-0.16933,-0.11075
0.13259,0.071889,0.0070344,-0.03482,-0.074044,-0.099053,-0.13907,-0.1716,-0.16791,-0.15521,-0.17264,-0.2061,-0.19624,-0.14589,-0.1697,-0.24861,-0.27514,-0.18819,-0.094868,-0.045066,-0.021204,-0.023612,-0.067899,-0.048502,-0.052995,-0.066959,-0.10206,-0.097659,-0.14133,-0.11675,-0.093414,-0.10641,-0.17961,-0.16663,-0.15175,-0.15341,-0.21303,-0.19649,-0.13703,-0.11139,-0.14227,-0.1986,-0.23432,-0.27199
-0.0053281,0.019968,0.024066,-0.038496,-0.045795,0.051978,0.061804,0.056943,0.081768,0.11028,0.059633,-0.0014432,-0.020353,-0.017516,-0.012055,-0.036692,-0.037341,-0.014172,-0.005813,0.045438,0.043526,0.011571,-0.034924,-0.021039,-0.041167,0.05079,0.16102,0.14791,0.027772,0.005358,0.048653,0.047769,-0.0012287,-0.068592,-0.10932,-0.1106,-0.043017,-0.020594,-0.064198,-0.11254,-0.1035,-0.11443,-0.16264,-0.21567
0.12032,0.051079,-0.016974,-0.11484,-0.076358,-0.00041383,0.055616,-0.012691,-0.042947,-0.027849,0.0070338,0.01014,0.019911,0.0096858,-0.064556,-0.131,-0.094609,-0.050267,0.0016155,-0.003304,-0.030928,0.00077221,0.015055,0.016414,-0.02682,-0.0045889,0.019041,0.069501,0.020596,-0.018627,0.019959,-0.00195,-0.081613,-0.12317,-0.061343,-0.029965,-0.044742,-0.085992,-0.057549,-0.042562,-0.051244,-0.033436,0.061287,0.15852
0.064221,0.026054,-0.002744,0.020789,-0.017054,-0.0015579,0.042361,0.12321,0.059533,0.031736,0.022836,0.048003,0.02615,-0.03183,-0.070784,-0.049973,0.033075,0.022424,0.030359,0.050796,0.071705,0.078208,0.065255,0.014169,0.020587,-0.0049032,-0.077334,-0.079971,-0.0076425,-0.0058634,-0.067113,-0.068086,-0.050922,-0.061261,-0.077178,-0.08097,-0.085286,-0.075622,-0.028713,-0.04799,-0.061593,-0.091646,-0.14277,-0.20797
-0.0010519,0.033739,0.052859,0.019661,-0.051739,-0.039172,-0.062648,-0.09309,-0.10115,-0.031296,0.053351,0.052304,0.027137,0.055561,0.047529,0.0076997,0.015838,0.1305,0.071843,0.023873,0.0060558,0.088072,0.10408,0.079921,0.031685,0.019828,0.040892,0.078698,0.092007,0.14114,0.13286,0.15047,0.15578,0.21193,0.19013,0.080253,0.0032162,0.013502,0.099254,0.10171,0.049072,-0.012288,0.056883,0.13948
-0.054597,-0.0081417,0.0401,0.040664,-0.014782,0.04711,0.10445,0.071984,0.023189,0.078133,0.1466,0.090215,-0.034371,-0.16802,-0.12499,0.012887,0.14646,0.082638,-0.045008,-0.056057,-0.0027584,0.039765,0.062418,0.10304,0.10681,0.13699,0.15641,0.17063,0.119,0.10474,0.13276,0.14443,0.081566,0.027642,-0.042167,-0.096618,-0.12611,-0.12717,-0.17583,-0.12409,-0.047125,-0.045301,-0.040851,-0.028278
0.12979,0.089867,0.037751,-0.048014,-0.093712,-0.077341,-0.079269,-0.043727,-0.086338,-0.13616,-0.11762,-0.020819,0.023775,-0.0053908,-0.020092,-0.010173,-0.003685,0.0065055,-0.073751,-0.10376,-0.02968,0.15053,0.10592,0.0076614,0.051339,0.25588,0.26527,0.24073,0.174,0.058914,-0.084972,-0.11134,-0.14356,-0.13731,-0.096508,-0.13068,-0.13264,-0.072051,-0.021432,0.0059083,0.045301,-0.0055709,-0.054055,-0.095702
0.12412,0.041571,-0.026838,-0.0015399,-0.015458,-0.041693,-0.064459,-0.067338,-0.073251,-0.015639,-0.0003694,-0.037513,-0.11657,-0.17907,-0.11065,-0.055069,-0.052114,-0.070482,-0.027028,-0.063499,-0.080932,-0.027618,-0.018974,-0.043048,-0.030041,0.021359,0.030536,0.036357,0.038557,-0.064644,-0.16138,-0.12994,-0.078623,-0.1081,-0.11213,-0.11062,-0.13011,-0.13883,-0.1234,-0.17511,-0.13473,-0.099726,-0.043337,0.0054176
0.16265,0.072152,-0.0096239,-0.057986,-0.068167,-0.05167,-0.012102,0.07951,0.12138,0.08562,0.0049462,-0.015377,0.026602,-0.0069588,0.0032213,0.0031318,0.064884,0.019595,0.058533,0.073338,0.077467,0.010706,-0.085088,-0.19114,-0.20521,-0.10314,-0.024608,0.016054,-0.0301,-0.032949,-0.027306,-0.05678,-0.1473,-0.18576,-0.18569,-0.06578,0.026372,-0.026546,-0.19893,-0.23712,-0.21763,-0.13873,-0.065658,0.0082718
-0.010706,-0.0068379,0.0031607,0.034783,0.0050349,-0.0062601,-0.001225,0.029821,0.055284,0.012795,0.0054988,0.10895,0.11189,0.039548,-0.02084,0.038791,0.05291,0.083666,0.021369,0.022431,0.01778,0.094473,0.073432,0.029607,0.055744,0.13659,0.06134,-0.059774,0.01713,0.048004,0.018812,0.017725,0.10671,0.074702,0.043038,0.006442,0.0095334,0.0091336,-0.027641,-0.0432,-0.0087321,-0.018751,-0.066435,-0.098636
-0.17017,-0.11495,-0.061113,0.043541,0.14189,0.13915,0.019878,-0.059602,-0.11281,-0.11666,-0.075509,-0.019165,-0.0035644,-0.076278,-0.10142,-0.10004,-0.10385,-0.027038,0.051003,0.0094705,-0.068618,-0.063427,-0.16613,-0.26083,-0.18102,-0.078629,-0.053618,-0.022624,0.033397,0.04852,-0.037812,-0.090674,-0.10836,-0.10452,-0.23378,-0.27667,-0.28436,-0.26364,-0.27032,-0.25166,-0.21829,-0.20465,-0.20779,-0.21919
-0.012651,-0.035062,-0.039816,0.00010909,0.05079,0.068644,0.059451,0.03506,-0.01793,-0.021329,-0.0074438,0.010705,-0.013137,-0.07832,-0.10802,-0.14447,-0.13906,-0.018022,0.11024,0.077956,-0.059601,-0.058041,-0.028772,-0.050466,-0.11571,-0.061123,-0.007771,0.023522,0.097266,0.16453,0.03897,-0.1018,-0.13715,-0.10471,-0.087678,-0.012276,-0.05441,-0.15871,-0.24208,-0.24438,-0.20042,-0.16051,-0.21604,-0.29528
-0.082514,-0.041729,-0.00092925,0.038336,0.053608,0.026607,0.0082934,-0.010168,-0.0017639,0.0075145,0.0068154,0.034653,0.12283,0.073036,0.053138,0.062388,0.063691,0.014718,0.048346,0.03266,0.027759,0.024561,7.9966e-05,-0.090121,-0.13211,-0.084684,-0.0054628,0.0078961,0.043642,0.13123,0.13821,0.077022,-0.045224,-0.061304,-0.039324,0.015139,-0.059605,-0.066368,-0.11388,-0.096168,-0.059906,0.0091734,-0.014765,-0.04427
-0.044657,-0.064184,-0.078234,-0.053179,0.087962,0.10337,-0.016722,-0.1035,-0.0070761,0.03311,-0.019554,-0.1022,-0.069859,-0.090343,-0.045878,-0.018951,-0.015828,0.0055423,0.04351,0.018426,-0.018304,-0.0098539,-0.021822,-0.084204,-0.11384,-0.13203,-0.075139,-0.061232,-0.11846,-0.098681,0.013923,-0.0023079,-0.075309,-0.048005,0.0048106,-0.026633,-0.066384,-0.11226,-0.18239,-0.21339,-0.19696,-0.14422,-0.1574,-0.17468
0.13097,0.03681,-0.06021,-0.10642,-0.044514,0.055732,0.054182,-0.052445,-0.13651,-0.15381,-0.051617,0.015213,-0.035376,-0.15067,-0.1134,-0.010212,0.018859,0.039669,0.10022,0.072421,-0.092224,-0.16151,-0.12252,-0.084444,-0.08509,-0.065412,-0.023411,-0.025312,-0.073918,-0.16163,-0.19391,-0.18227,-0.16843,-0.21692,-0.23241,-0.16983,-0.046073,-0.084129,-0.15776,-0.16777,-0.082696,-0.10596,-0.11854,-0.127
-0.0014069,-0.018881,-0.032464,0.0028451,0.034649,0.043948,0.049653,0.044795,-0.024907,-0.0098721,0.040315,0.058405,0.01284,-0.057629,-0.14185,-0.1718,-0.11653,-0.038924,0.029824,0.012236,-0.056442,-0.10417,-0.13733,-0.13287,-0.068447,-0.04519,-0.099855,-0.13758,-0.069405,-0.0073145,0.043477,0.022572,-0.032568,-0.12311,-0.11246,-0.069942,-0.043272,-0.11114,-0.13325,-0.12912,-0.15782,-0.17073,-0.13338,-0.088214
0.074377,0.037088,0.0099631,0.0020652,-0.046063,-0.025766,0.050491,0.074809,0.10735,0.12242,0.10196,0.086002,0.11891,0.14511,0.11642,0.068621,0.096273,0.15229,0.17748,0.1152,0.029973,-0.0033663,0.000411,0.012051,0.056137,0.15337,0.19161,0.18319,0.10719,0.063218,0.041438,0.099644,0.085901,0.066085,-0.010789,0.048476,0.094687,0.081827,0.052247,0.12038,0.14781,0.10226,0.13027,0.17548
-0.14855,-0.07295,-0.004909,0.038277,0.071778,0.13952,0.10683,0.060041,0.017106,0.036294,0.009824,0.0093352,-0.0060103,-0.066452,-0.1265,-0.1548,-0.13311,-0.051229,0.044164,0.040994,0.019512,0.052105,0.047161,-0.0056032,-0.036555,-0.097683,-0.2034,-0.20481,-0.096663,-0.069733,-0.12187,-0.11981,-0.12053,-0.15098,-0.20031,-0.20903,-0.22394,-0.19742,-0.1763,-0.1768,-0.16362,-0.15083,-0.1479,-0.15143
0.069062,0.04284,0.011736,-0.031384,-0.047554,-0.060258,-0.087438,-0.037083,0.031332,0.016805,-0.028813,-0.061153,-0.094467,-0.11103,-0.062519,0.025191,0.069879,0.041787,-0.035605,-0.080789,-0.13102,-0.1005,-0.019668,0.022464,0.0018228,0.011752,0.021908,-0.015683,-0.043737,-0.050565,-0.0971,-0.13029,-0.084974,-0.050991,-0.067064,-0.019882,0.051837,0.076081,0.028014,0.0037071,0.0084832,0.015466,0.052349,0.09696
0.13937,0.041206,-0.059264,-0.090505,-0.040772,0.11135,0.19062,0.17947,0.090908,0.067727,0.062914,0.091047,0.10127,0.12954,0.14297,0.093798,0.023155,0.022665,0.054644,0.064025,0.07531,0.085367,0.050456,0.049918,0.074509,0.091064,0.038461,-0.011746,-0.0085164,0.050159,0.087286,0.10707,0.13703,0.15506,0.11195,0.089582,0.056049,-0.0027975,-0.06524,-0.058935,0.022384,0.073319,0.030571,-0.033852
-0.16495,-0.046828,0.063479,0.062194,0.048401,0.012345,-0.02395,-0.036743,-0.068722,-0.085439,-0.092703,-0.013182,0.026561,-0.028199,-0.11477,-0.14285,-0.10009,-0.021333,0.053915,0.030336,-0.072285,-0.079719,-0.089143,-0.10682,-0.16915,-0.14309,-0.18047,-0.14808,-0.11715,-0.088289,-0.099743,-0.097055,-0.15208,-0.20738,-0.233,-0.22121,-0.2573,-0.26781,-0.26782,-0.2636,-0.23782,-0.19477,-0.23009,-0.28373
-0.094778,-0.0042555,0.062443,0.050401,-0.00063581,0.0052425,0.040882,0.068934,0.0091483,0.0010465,0.03645,0.027668,-0.014757,-0.043724,-0.082119,-0.12942,-0.15385,-0.10757,-0.0066695,0.038305,0.020843,-0.035866,-0.10759,-0.16801,-0.16595,-0.1249,-0.096314,-0.10714,-0.075648,-0.0047541,0.042923,-0.01776,-0.10688,-0.14657,-0.13692,-0.11275,-0.13086,-0.14032,-0.18315,-0.20718,-0.23386,-0.24786,-0.27242,-0.29621
-0.12303,-0.032476,0.050965,0.055154,0.019223,0.0070186,-0.0021549,-0.0036464,0.0062411,0.019694,0.043311,0.091945,0.080805,0.024043,-0.070218,-0.12237,-0.12995,-0.08648,-0.035499,0.002838,-0.017692,-0.054133,-0.021303,0.022277,0.048055,-0.0040552,-0.074044,-0.13691,-0.097873,-0.064872,-0.025338,-0.041909,-0.058017,-0.039865,-0.00034065,-0.0032155,-0.075785,-0.10646,-0.12961,-0.088411,-0.033841,-0.023929,-0.056061,-0.084716
-0.068283,-0.015177,0.035025,0.039047,0.019777,0.021755,0.0045515,-0.012215,-0.03716,-0.00637,0.0049688,0.061605,0.048163,-0.027245,-0.11616,-0.15301,-0.10405,-0.07027,-0.031357,-0.057305,-0.019483,-0.041623,-0.053399,-0.041496,-0.015843,-0.0059804,-0.006013,0.013121,-0.0072568,-0.067374,-0.128,-0.1396,-0.11494,-0.098581,-0.074688,-0.043975,-0.078035,-0.12998,-0.13116,-0.11256,-0.097396,-0.10989,-0.15955,-0.21984
0.078359,0.028143,-0.0075921,0.077249,-0.001974,0.016198,0.0085631,-0.0071694,-0.08301,-0.047923,-0.038611,-0.0080844,0.0071245,-0.014788,-0.019767,-0.021443,-0.037912,-0.014322,0.050292,0.049927,0.032738,0.021128,0.035499,0.0142,-0.020651,-0.071538,-0.020052,0.091642,0.10749,0.026564,-0.051482,-0.087713,-0.11746,-0.10867,-0.059384,-0.050173,-0.12165,-0.18476,-0.12391,-0.091616,-0.075358,-0.095645,-0.10436,-0.12691
0.02352,0.031427,0.026464,-0.02092,-0.030965,0.013638,0.026905,0.049919,-0.041229,-0.0935,-0.13076,-0.067406,-0.04868,-0.026707,-0.041664,-0.097463,-0.17286,-0.088753,0.093318,0.069159,0.0078693,0.0035934,0.024505,-0.079485,-0.082386,-0.10533,-0.14547,-0.13174,-0.11478,-0.12756,-0.15871,-0.14618,-0.11395,-0.08195,-0.084092,-0.14898,-0.12524,-0.092359,-0.049207,-0.041456,-0.0020467,0.0072857,-0.09925,-0.22591
-0.069345,-0.028468,0.01156,0.022387,-0.0074929,0.071867,0.11259,0.085355,0.058581,-0.00766,-0.04383,0.021367,0.079166,0.084684,0.099618,0.10064,0.03856,0.02192,0.061477,0.074642,-0.012946,-0.050495,-0.0078061,0.013525,0.0088828,0.043906,0.057308,0.094189,0.11271,0.13222,0.090335,0.071056,0.077161,0.074765,0.014931,-0.061049,-0.059495,-0.031627,-0.025245,0.018126,0.052996,0.097938,0.082413,0.072041
0.024663,0.0078668,-0.030792,-0.10194,-0.024893,0.12471,0.15096,0.1315,0.11878,0.090835,0.046147,-0.007063,-0.011305,0.016797,0.020546,-0.031933,-0.017002,0.011585,0.0012585,-0.017221,-0.054132,-0.045633,-0.04113,-0.0046598,-0.014628,-0.016253,0.036376,0.1219,0.12666,0.064882,0.018448,-0.043047,-0.099108,-0.15305,-0.19269,-0.13138,-0.055451,-0.038443,-0.077664,-0.068986,-0.053233,-0.054853,-0.042279,-0.019862
-0.035865,-0.0072088,0.026116,0.060722,0.0098871,-0.039282,-0.049874,0.0034294,0.06547,0.078993,0.11015,0.19217,0.18492,0.027217,-0.085363,-0.063897,-0.018851,0.013089,0.046216,0.084332,0.089457,0.054069,0.052399,0.080816,0.096604,0.052995,0.025046,0.022428,0.055049,0.059696,0.018239,-0.016107,-0.018249,-0.02085,-0.017035,-0.038271,-0.062767,-0.08856,-0.057304,-0.025216,0.0079707,-0.027434,-0.036319,-0.039331
-0.088857,0.0049508,0.070778,0.04407,-0.016666,-0.058566,-0.10154,-0.097697,-0.034021,-0.009033,-0.00042022,-0.042171,-0.052727,-0.14585,-0.17051,-0.15262,-0.091064,-0.039557,0.024037,0.037295,-0.02882,-0.035136,-0.0094083,0.011964,-0.055365,-0.09204,-0.068452,-0.02357,0.047795,0.036499,0.020237,-0.012673,0.007826,0.015825,0.03642,-0.038234,-0.11125,-0.13745,-0.06572,-0.052817,-0.046689,-0.060725,-0.039675,-0.025849
-0.015463,0.015025,0.047136,0.020724,-0.016724,-0.046194,-0.024891,-0.028234,0.0018414,-0.01673,-0.021398,-0.03739,-0.056862,-0.068155,-0.062631,-0.097393,-0.12328,-0.036608,0.0052619,0.055584,0.091024,0.085251,0.013267,0.0054736,-0.0087406,0.024364,0.037793,-0.038025,-0.09388,-0.10072,-0.10837,-0.15388,-0.10593,-0.07461,-0.094786,-0.10636,-0.041335,-0.018764,-0.072542,-0.11253,-0.11568,-0.15808,-0.16612,-0.16392
0.041121,0.028726,0.028851,0.015171,-0.045552,-0.019945,0.10783,0.18155,0.19189,0.11491,0.05238,0.047369,0.071178,0.015133,-0.040221,-0.059632,-0.050762,-0.0043405,0.031857,0.042793,0.032723,0.067597,0.063522,0.071581,0.077997,0.039221,-0.041026,-0.026631,0.053792,0.072721,0.1119,0.17779,0.19913,0.16306,0.11534,-0.0052978,-0.085194,-0.093301,-0.05463,-0.016021,0.060684,0.020492,-0.0078026,-0.033483
-0.054104,-0.032302,-0.016396,0.003069,0.03341,0.019021,-0.044378,-0.077653,-0.025356,0.067657,0.12346,0.062279,-0.019875,-0.04948,-0.073365,-0.13573,-0.13676,-0.073143,-0.0085549,0.026464,0.081369,0.13004,0.10843,0.084406,0.065399,0.025432,-0.055307,-0.09799,-0.054949,0.019593,0.056273,0.093128,0.088627,0.033982,-0.072484,-0.049245,-0.075077,-0.070699,-0.072482,0.022041,0.042789,0.067317,0.049881,0.039288
0.18903,0.088728,-0.002718,-0.054398,-0.089866,-0.085567,-0.10657,-0.12323,-0.12265,-0.068506,-0.098106,-0.15624,-0.16003,-0.073721,-0.0094729,-0.0097535,-0.027034,-0.050323,-0.023884,-0.016608,0.0010457,-0.027229,-0.026501,-0.063714,-0.049585,-0.042278,0.050023,0.056394,-0.022307,-0.12415,-0.1283,-0.13344,-0.096887,-0.04554,-0.033512,-0.085867,-0.094472,-0.031346,0.025306,0.040088,0.068005,0.090345,0.060355,0.021362
-0.049759,-0.062652,-0.061319,0.014137,0.071896,0.043171,0.015639,0.011203,0.0099631,-0.012249,-0.013514,-0.0093764,0.0041676,0.052828,0.074381,0.091381,0.088116,0.12485,0.12044,0.091737,0.051545,0.0182,-0.090654,-0.16022,-0.097212,0.0063431,0.0071857,0.0030422,-0.0095645,0.01579,0.040767,0.067964,0.0055833,-0.019152,0.0056168,0.015427,0.019751,0.092225,0.13493,0.0287,-0.016618,0.0072056,0.066281,0.10686
0.043176,0.039586,0.036507,-0.0080103,-0.039152,-0.024778,0.015739,0.032131,0.016382,-0.015857,-0.052822,-0.095445,-0.086791,-0.082474,-0.066091,-0.050721,-0.023631,0.035932,0.023689,0.011653,-0.048821,-0.058392,-0.013473,0.068758,0.041308,0.020465,0.05249,0.050089,-0.070319,-0.092788,-0.039542,-0.028587,-0.06836,-0.02313,0.026633,-0.0035236,-0.056987,-0.027578,0.029223,0.056701,0.045789,0.047661,0.083264,0.11744
0.072281,0.056375,0.026715,-0.02914,-0.061114,-0.063865,-0.085884,-0.072845,-0.093867,-0.096187,-0.0022392,0.088588,0.056735,-0.068762,-0.14183,-0.18247,-0.16442,-0.11557,-0.065068,-0.055058,0.0096691,0.072294,-0.005343,-0.13455,-0.19521,-0.16657,-0.15661,-0.081961,0.0038539,0.087781,0.03115,-0.055055,-0.11526,-0.092655,-0.073741,-0.032074,-0.058168,-0.14778,-0.23871,-0.2888,-0.24578,-0.17581,-0.12824,-0.097955
0.047743,0.015064,-0.015178,-0.072786,-0.024708,0.016111,0.035978,0.064738,0.099643,0.05639,-0.010123,0.014528,0.049164,0.092156,0.11024,0.069714,0.010857,-0.0099296,0.012753,0.01793,0.019166,0.0039524,-0.019453,-0.046684,-0.066041,-0.032655,0.012273,0.025294,0.013157,0.047636,0.049227,0.025808,0.0082838,-0.017141,-0.061354,-0.079021,-0.054795,-0.0098571,-0.04093,-0.061099,0.030553,0.11373,0.016756,-0.095664
-0.0067079,-0.03676,-0.06045,0.021068,0.063348,0.019368,-0.061896,-0.11141,-0.14932,-0.14738,-0.058679,0.064778,0.098151,0.046191,-0.01373,0.0019524,-0.057326,-0.10445,-0.042074,0.04469,0.052865,0.023957,0.021962,-0.031202,-0.066157,-0.09046,-0.051858,-0.0097766,-0.014734,-0.069176,-0.11123,-0.11396,-0.085469,-0.065917,-0.093256,-0.041588,0.0084185,-0.011557,-0.041183,-0.018017,0.043766,0.12112,0.19707,0.26097
-0.056397,-0.011657,0.032436,0.023521,0.0075693,0.01038,-0.0081481,-0.023059,-0.019524,0.077574,0.18001,0.16449,0.044683,-0.0015894,0.048612,0.020957,-0.057251,-0.074804,-0.063511,-0.057263,-0.016166,0.028461,0.052028,0.031427,0.071651,0.037499,0.016248,0.029884,0.11258,0.13525,0.16022,0.10204,0.032365,0.003675,0.0585,0.059446,0.048425,0.082466,0.10808,0.053977,-0.013009,-0.040748,-0.03127,-0.026128
-0.057232,0.0067603,0.0544,0.018171,-0.014121,-0.097346,-0.16289,-0.15229,-0.12087,-0.041694,0.05716,0.11297,0.091939,0.046742,0.0018361,0.039215,0.11511,0.1312,0.14464,0.13134,0.043326,-0.047439,-0.017323,0.091743,0.16173,0.14695,0.068137,0.016073,-0.0074619,0.037886,0.12986,0.13081,0.04738,-0.010143,0.020432,-0.01073,-0.043953,-0.097268,-0.11412,-0.086801,-0.01924,0.056287,0.067229,0.070296
0.013695,0.033357,0.043882,-0.00010101,-0.041698,-0.063482,-0.081033,-0.089065,-0.091247,-0.084786,-0.069395,-0.051173,-0.042488,-0.072098,-0.097227,-0.080842,-0.048219,0.02255,0.048962,-0.0094673,-0.053784,-0.006339,0.0070673,-0.009687,0.031631,0.033509,-0.0049452,-0.022814,-0.055095,-0.098954,-0.076754,-0.028323,0.00063682,-0.014508,-0.024032,-0.031966,-0.024972,-0.072637,-0.089394,-0.045312,0.0013865,0.0015774,-0.037825,-0.079552
0.010285,-0.012369,-0.024953,0.019725,0.020332,-0.033863,-0.092575,-0.11333,-0.070342,-0.014881,0.062595,0.087195,0.021425,-0.10008,-0.090913,-0.043268,-0.04509,-0.063818,0.024718,0.075631,0.057494,0.082596,0.09868,0.043488,-0.06998,-0.084363,-0.10832,-0.073821,-0.023159,0.014527,-0.0024486,-0.06494,-0.15513,-0.21782,-0.10921,-0.040093,-0.08251,-0.16298,-0.16436,-0.14944,-0.15425,-0.14877,-0.12325,-0.08947
0.1393,0.03784,-0.047297,-0.035559,-0.02407,-0.020301,0.044418,0.053475,-0.014841,-0.098127,-0.058718,-0.020924,0.0085125,-0.0081986,-0.02901,-0.09306,-0.13117,-0.14389,-0.11648,-0.13665,-0.17109,-0.15199,-0.092946,-0.097752,-0.094087,-0.056649,-0.06966,-0.094872,-0.059719,-0.019475,-0.059282,-0.092445,-0.047738,0.016091,0.028496,-0.0025821,-0.037541,-0.096722,-0.16612,-0.15684,-0.11873,-0.091373,-0.090293,-0.081315
-0.059611,-0.00036394,0.053777,0.071098,0.0094827,-0.016974,-0.0066737,0.085605,0.10537,0.13393,0.07573,0.041859,0.025917,0.058148,0.016569,-0.054274,-0.11313,-0.033886,0.042883,0.040991,0.036927,0.088541,0.062418,-0.020777,-0.071104,-0.0047441,0.084678,0.10864,0.044247,0.046874,0.0053296,-0.060046,-0.088788,-0.048439,-0.015592,-0.012655,-0.011283,-0.029747,-0.053763,-0.048269,-0.026316,-0.068038,-0.091403,-0.099351
-0.04851,-0.018525,0.010288,0.00041879,0.0019232,-0.0050522,-0.046264,-0.082005,-0.07031,-0.088575,-0.080318,0.0026971,0.023353,0.018901,0.0019204,0.057369,0.061371,0.059257,0.0067728,-0.0074431,-0.021551,-0.017314,-0.012259,-0.012129,0.0027281,0.022719,-0.0353,-0.098337,-0.090246,-0.034588,0.020422,0.050266,0.051575,0.029525,0.016655,-0.022554,-0.0086294,0.01846,0.0067413,-0.011857,-0.050242,-0.08952,-0.074044,-0.038427
0.11314,0.03544,-0.044905,-0.044983,-0.046523,0.020098,0.03665,0.046303,0.074682,0.034256,-0.018832,0.01735,0.06906,0.072745,0.085651,0.17198,0.18667,0.11972,0.033859,0.025109,0.028225,0.033696,0.045631,0.0049252,-0.031528,-0.046322,0.031425,0.11329,0.17303,0.15233,0.14908,0.15867,0.15689,0.14818,0.10617,0.13017,0.14086,0.15406,0.16296,0.24983,0.26451,0.21896,0.13971,0.064352
-0.069606,-0.018353,0.02716,0.043092,0.027859,0.036808,0.040752,0.031293,-0.0024316,-0.0012511,-0.027811,-0.058935,-0.041581,-0.027436,-0.048623,-0.090455,-0.10397,-0.076018,-0.05298,-0.066698,-0.1251,-0.10963,-0.068698,-0.064307,-0.091704,-0.047435,-0.026159,-0.079183,-0.11047,-0.1116,-0.074135,-0.059191,-0.067667,-0.1271,-0.080553,-0.072466,-0.070136,-0.11217,-0.1513,-0.21743,-0.16572,-0.11778,-0.17477,-0.24599
0.11853,0.065339,0.0098092,-0.028572,-0.056786,-0.017005,0.021133,0.063195,0.087726,0.098074,0.017668,-0.035106,0.02374,0.081484,0.057335,0.033287,0.029034,0.017332,0.0080571,0.018506,0.029038,0.036428,0.034686,0.0028705,-0.028203,0.0024726,0.014877,0.032913,0.022137,0.054176,0.096742,0.07588,0.03348,0.013939,0.033407,-0.013548,0.001531,-0.0044255,-0.033538,-0.040297,0.014105,-0.0039117,0.00091935,0.014727
-0.065759,0.0013951,0.056224,0.044648,-0.0065728,-0.0015478,0.0074723,0.009482,-0.0364,-0.027516,-0.04477,-0.056249,-0.052748,-0.041884,-0.079431,-0.075274,-0.099203,-0.11602,-0.12776,-0.056184,-0.058034,-0.10033,-0.17013,-0.17915,-0.14704,-0.11585,-0.065792,-0.050975,-0.049578,-0.10269,-0.10463,-0.071468,-0.038528,-0.075152,-0.10775,-0.14091,-0.17708,-0.19339,-0.1737,-0.17486,-0.19555,-0.21892,-0.18451,-0.14376
0.037765,0.064469,0.089742,0.040928,-0.072941,-0.1423,-0.075675,0.010439,0.027184,-0.02868,-0.076291,-0.10259,-0.099816,-0.095279,-0.081425,-0.060785,-0.067641,-0.10127,-0.13408,-0.075254,-0.076173,-0.11837,-0.11794,-0.081694,-0.090019,-0.051763,-0.007432,-0.083891,-0.12887,-0.095061,-0.086727,-0.092359,-0.089206,-0.095929,-0.15413,-0.15104,-0.12977,-0.10369,-0.14092,-0.1381,-0.1205,-0.12674,-0.14711,-0.1621
0.030579,-0.022386,-0.055852,-0.015562,0.034684,0.056645,0.079194,0.028045,-0.037159,-0.032091,0.0099717,0.010773,1.7436e-05,0.031299,0.065452,0.063509,0.059868,0.078309,0.091105,0.045065,0.00234,-0.0056265,0.042318,0.074728,0.060898,0.043592,0.069617,0.073548,0.065068,0.08437,0.043674,0.015239,0.075304,0.098966,0.032412,0.020835,0.074188,0.035866,-0.068452,-0.090348,-0.019962,-0.0083531,-0.034943,-0.056351
-0.017846,-0.014622,0.0022051,0.06408,0.024238,-0.02893,-0.048929,-0.0029177,0.006478,-0.045746,-0.089876,-0.084217,-0.052429,-0.008265,0.045023,0.029789,0.025314,0.013112,-0.024184,-0.030472,-0.049374,-0.072382,-0.10417,-0.048939,-0.029141,-0.00092577,0.03064,0.059251,0.057815,-0.0082232,-0.026427,-0.069399,-0.095055,-0.12671,-0.086033,-0.019622,-0.0066577,-0.05079,-0.13045,-0.15911,-0.15633,-0.15987,-0.11349,-0.057557
-0.072069,-0.026904,0.018251,0.059077,0.036755,0.043655,0.047171,0.05813,0.10115,0.10949,0.006217,-0.10872,-0.072793,-0.0015948,0.054869,0.035958,-0.011163,-0.037311,-0.023914,-0.0050609,0.016691,-0.0084164,-0.075606,-0.098231,-0.05136,0.024865,0.042627,0.031037,0.022246,0.0039252,-0.033028,-0.057269,-0.097982,-0.094616,0.030426,0.10656,0.039121,-0.074899,-0.078137,-0.07659,-0.031735,-0.069304,-0.065281,-0.064594
0.099876,0.025089,-0.042744,-0.040012,-0.0094703,0.020357,-0.008893,-0.0055632,0.019858,0.070195,0.021846,-0.039353,-0.061118,-0.016188,0.022333,0.024772,0.043057,0.1315,0.16749,0.084474,-0.01973,-0.07176,-0.10634,-0.12876,-0.073833,-0.0016615,0.019713,0.010593,-0.0013722,-0.033495,-0.015892,0.03699,0.0082001,-0.072668,-0.061192,-0.013769,-0.0089655,-0.073455,-0.087169,-0.061484,-0.026751,-0.10151,-0.15875,-0.21619
0.16086,0.099347,0.046721,-0.00078919,-0.10859,-0.16488,-0.13549,-0.11027,-0.046557,0.012987,-0.0073328,-0.068291,-0.10994,-0.079525,-0.07367,-5.6481e-05,-0.0092106,-0.0062289,-0.042295,-0.017808,-0.0095849,-0.025916,-0.026395,-0.051702,-0.087083,-0.14915,-0.11233,-0.096544,-0.069125,-0.036477,-0.045732,-0.10219,-0.14113,-0.082748,-0.019518,0.016029,-0.028317,-0.064266,-0.090907,-0.080674,-0.034319,0.021141,-0.0082196,-0.048621
0.013188,0.029501,0.034033,-0.036922,-0.052678,-0.031336,9.2953e-05,-0.011211,-0.042975,-0.067198,-0.018383,0.057548,0.031709,-0.032336,-0.084745,-0.050194,0.098098,0.29378,0.36277,0.31766,0.31038,0.32675,0.24785,0.18616,0.15797,0.1278,0.057177,0.032052,-0.016237,-0.028601,0.025108,0.03468,0.0058892,0.0035058,0.032553,0.010534,-0.0073366,-0.082173,-0.12632,-0.088418,-0.021016,-0.063765,-0.11709,-0.16568
0.012078,0.010356,0.01285,0.011731,-0.0069598,-0.022425,-0.0043362,-0.021913,-0.0036647,0.037067,0.074369,0.078266,0.10507,0.068852,0.024884,-0.0076996,-0.0036945,-0.0042579,-0.010389,-0.038079,-0.01907,0.032995,0.049895,0.057334,0.075933,0.050036,0.050159,0.052477,0.027533,-0.0051499,0.032005,0.070986,0.066602,0.041261,0.0010505,0.016993,0.0061546,-0.067872,-0.11445,-0.092013,-0.08002,-0.068266,-0.087423,-0.11297
0.022458,0.0158,0.014471,-0.053429,-0.034186,-0.053579,-0.021715,-0.095038,-0.10746,-0.13536,-0.099704,-0.046552,-0.0052057,0.052928,0.06006,0.015574,-0.014091,0.039542,-0.016966,-0.11933,-0.10686,-0.036458,-0.012175,0.0018582,0.010111,-0.037078,-0.0060267,0.053285,0.033326,-0.083937,-0.096104,-0.040188,-0.058459,-0.10023,-0.14946,-0.14447,-0.15013,-0.16486,-0.16286,-0.083209,-0.014256,0.00085664,-0.075607,-0.16539
0.071709,0.036385,0.012787,0.038396,-0.029134,-0.022462,0.00082128,0.014889,0.00053316,0.029005,0.0080136,0.008617,-0.0071633,-0.042463,-0.081732,-0.022223,0.022016,0.07277,0.086214,0.056898,0.0039564,0.070851,0.12922,0.090721,0.0020669,0.0096647,0.036966,0.0072948,-0.015324,0.02198,0.094715,0.1477,0.18612,0.17939,0.16049,0.17544,0.16373,0.18964,0.23465,0.25154,0.2296,0.19841,0.14298,0.081013
-0.048772,-0.019108,0.0078576,0.013624,0.0013273,-0.0074111,-0.030803,-0.075362,-0.13749,-0.14667,-0.055393,-0.0030555,-0.050716,-0.08851,-0.086408,-0.10697,-0.10318,-0.11322,-0.099266,-0.042224,0.021561,-0.046193,-0.12679,-0.14475,-0.075566,-0.039126,-0.041358,-0.088162,-0.12517,-0.16647,-0.14691,-0.076049,-0.0020157,-0.004475,-0.0014395,0.0085336,0.048071,0.050635,0.036889,-0.015264,-0.063975,-0.074519,0.017987,0.11996
-0.035061,-0.017945,0.0088626,0.039771,0.025852,-0.02726,-0.042004,0.024729,0.072542,0.01114,-0.054042,-0.030009,-0.027535,-0.047499,-0.010937,0.012163,-0.0154,0.02185,0.059409,0.059063,-0.013931,-0.013034,-0.022233,-0.022554,-0.046855,0.00073202,0.018313,0.0077832,0.009208,0.0028594,-0.031255,-0.0944,-0.09042,-0.09743,-0.11555,-0.067586,0.010285,0.056416,0.0081811,-0.044971,-0.15584,-0.20074,-0.13585,-0.054412
-0.17255,-0.081421,0.017223,0.091545,0.089398,0.01754,-0.028529,-0.044481,-0.031384,-0.067699,-0.07696,-0.087662,-0.087061,-0.10299,-0.057615,-0.0074775,0.010036,-0.015684,-0.081376,-0.093713,-0.10624,-0.13605,-0.18132,-0.13122,-0.086353,-0.09246,-0.10017,-0.03353,0.022822,0.010474,-0.05122,-0.092531,-0.12573,-0.14212,-0.17734,-0.1444,-0.034893,0.06908,0.036986,-0.030235,-0.036801,-0.0067206,0.0083573,0.024601
-0.053818,-0.030942,-0.0067765,-0.006156,0.021445,0.082743,0.12129,0.077947,-0.0349,-0.098525,-0.050301,0.031543,0.051893,-0.030417,-0.10877,-0.090829,-0.076829,-0.069534,-0.067902,-0.033389,-0.025988,0.02283,-0.0058143,-0.04825,-0.069953,-0.082834,-0.10932,-0.035793,0.014535,0.036972,-0.0053938,-0.039644,-0.056092,-0.063594,-0.058193,-0.10314,-0.16951,-0.21498,-0.17412,-0.19442,-0.22778,-0.17414,-0.12327,-0.087032
-0.040927,0.0045626,0.040389,0.0192,-0.014306,-0.049677,-0.059768,-0.063946,-0.079817,-0.088017,-0.052115,-0.055797,-0.056168,-0.066867,-0.041512,-0.056213,-0.035728,-0.039549,-0.05519,-0.05253,-0.042999,-0.065157,-0.1499,-0.14675,-0.10861,-0.082063,-0.094281,-0.072651,-0.079956,-0.092463,-0.092529,-0.057458,-0.028708,-0.03414,-0.064891,-0.098879,-0.097775,-0.10173,-0.063441,-0.10067,-0.12129,-0.10832,-0.030445,0.034941
-0.08397,-0.076912,-0.069678,-0.027674,0.075613,0.15941,0.15783,0.096697,0.011749,-0.018627,0.012704,0.070004,0.066435,0.076274,0.088555,0.070103,0.04502,0.060985,0.10915,0.087032,0.045942,0.0028041,0.030925,0.0063118,-0.0098368,0.019928,0.125,0.1294,0.093928,0.052569,0.052862,0.036115,0.058788,0.11296,0.14339,0.1275,0.10758,0.13743,0.12111,0.060954,-0.0082976,-0.0078069,-0.0075473,-0.010406
-0.074331,-0.005968,0.052059,0.012939,-0.010576,-0.0081124,-0.010362,-0.015212,0.0012924,-0.033769,-0.11609,-0.1746,-0.16592,-0.056629,0.066024,0.11206,0.14124,0.11663,0.0174,-0.082871,-0.10305,-0.11803,-0.099216,-0.092539,-0.066817,-0.033041,-0.020422,-0.050108,-0.079457,-0.13204,-0.11406,-0.072543,-0.093542,-0.14473,-0.17492,-0.20193,-0.16497,-0.14851,-0.1709,-0.2091,-0.19304,-0.19463,-0.18747,-0.18442
-0.040382,-0.04463,-0.044619,-0.016173,0.044048,0.1217,0.097634,0.020802,-0.02235,-0.049718,-0.042791,-0.0073452,0.022653,-0.013758,-0.017273,-0.058349,-0.083955,-0.075491,-0.048631,-0.032153,-0.034064,-0.025931,-0.046245,-0.067551,-0.068905,-0.027038,-0.01171,-0.0014322,0.0056099,0.010354,0.0085068,-0.0096236,-0.069344,-0.06532,-0.015058,0.0005175,-0.020641,-0.026284,-0.024091,-0.02301,0.0017946,0.00096914,-0.0052843,-0.013189
-0.068493,-0.0037966,0.044269,0.020415,-0.0017045,0.012479,0.017121,0.045716,0.027902,0.0066934,-0.043743,-0.085975,-0.089468,-0.046939,-0.047167,-0.044139,-0.014235,-0.026356,-0.04261,-0.01525,0.02842,0.00081679,-0.023055,-0.093838,-0.10767,-0.10554,-0.089503,-0.14377,-0.17934,-0.18582,-0.117,-0.11673,-0.14779,-0.17036,-0.12973,-0.1619,-0.20046,-0.21918,-0.15984,-0.11718,-0.11094,-0.12346,-0.12881,-0.13624
-0.14288,-0.039749,0.063625,0.094495,0.053542,-0.085585,-0.16787,-0.18145,-0.16043,-0.20102,-0.22312,-0.22573,-0.14496,-0.14786,-0.13829,-0.14245,-0.073139,0.032807,0.035293,-0.075137,-0.16983,-0.12426,-0.07866,-0.069754,-0.10361,-0.17258,-0.20323,-0.18095,-0.098199,-0.074556,-0.078469,-0.11517,-0.09618,-0.015026,0.016231,-0.092769,-0.1846,-0.20254,-0.19174,-0.12572,-0.044012,-0.059092,-0.10598,-0.1461
-0.064014,-0.0057031,0.053541,0.041401,0.0105,-0.016971,0.0027034,-0.018506,-0.02273,0.066201,0.15568,0.15939,0.11917,0.11706,0.15072,0.15853,0.13826,0.17978,0.17235,0.075643,0.03695,0.039474,0.041191,0.027543,0.083855,0.050488,0.043222,0.085268,0.1759,0.12464,0.10178,0.10911,0.072,-0.044509,-0.047817,0.00047205,0.018131,-0.068561,-0.12092,-0.092203,-0.014192,-0.023359,-0.083383,-0.15038
0.092091,0.039055,-0.032616,-0.067646,-0.051325,0.065304,0.010998,-0.05228,-0.03649,0.066373,0.095681,0.10689,0.10759,0.012469,-0.034669,-0.029238,-0.011624,-0.059592,0.066816,0.18645,0.21916,0.14744,0.14513,0.15568,0.16463,0.15846,0.084678,0.038396,-0.016878,0.041867,0.082233,0.092717,0.065276,0.061111,0.060861,0.047323,0.051186,0.032306,0.090366,0.16401,0.16618,0.094999,0.086454,0.086656
-0.12635,-0.05376,0.0027669,0.024289,0.038822,0.071462,-0.017799,-0.099013,-0.029179,0.023476,-0.059874,-0.10494,-0.06307,-0.057272,-0.028586,-0.0015129,-0.058382,-0.016518,0.081559,0.049681,-0.10524,-0.15601,-0.10949,-0.048673,-0.017179,0.018073,0.030537,-0.032433,-0.10847,-0.1093,0.0036986,0.12609,0.16456,0.13433,0.085722,0.063082,0.026613,0.051062,0.0087862,-0.012074,-0.01344,0.032691,0.051015,0.068711
-0.12856,-0.10277,-0.049318,0.057162,0.11389,0.14428,0.18315,0.034968,-0.15121,-0.13107,0.029532,0.05269,0.017132,0.034662,0.093094,0.05967,0.00070995,0.03505,0.10844,0.12616,0.073607,0.0141,-0.099201,-0.082666,0.0083884,0.031879,-0.042174,-0.053034,-0.088303,-0.10496,-0.092008,-0.021952,0.029662,0.060739,0.040497,-0.020552,-0.045434,-0.065516,-0.054005,-0.033649,0.043421,0.17591,0.22739,0.2641
-0.013535,0.06001,0.12677,0.084674,-0.065646,-0.15443,-0.0842,0.028349,0.030787,-0.034944,-0.072189,-0.0013283,0.064677,0.10241,0.076685,0.019468,-0.011928,0.11647,0.22413,0.17149,0.07342,0.047681,0.10625,0.18496,0.16559,0.066266,0.026215,0.11675,0.11436,0.053002,-0.0033453,0.041332,-0.00020476,-0.069616,-0.14159,-0.055331,0.039175,0.059151,-0.0095238,-0.018825,0.045888,0.085492,0.093768,0.091946
0.096535,0.010115,-0.063649,-0.04342,0.0077015,0.0074599,-0.038656,-0.088511,-0.089966,-0.1117,-0.098748,-0.027304,0.080979,0.010453,-0.093846,-0.17678,-0.20301,-0.12178,0.0099947,-0.0028545,-0.060707,-0.047308,-0.077698,-0.089645,-0.010968,0.029127,-0.05366,-0.073325,-0.0095253,0.10534,0.10441,0.0047282,-0.082463,-0.10561,-0.12625,-0.13043,-0.13977,-0.11605,-0.10238,-0.099807,-0.10485,-0.077664,-0.092077,-0.11696
0.02999,-0.015954,-0.057241,-0.035055,0.019653,0.043343,-0.025297,-0.074829,-0.064045,-0.024025,-0.026507,-0.041535,-0.087612,-0.11635,-0.13295,-0.12082,-0.14511,-0.14455,-0.11157,-0.024039,0.012674,0.037444,0.08613,0.14177,0.094786,-0.00015129,-0.032638,-0.012156,-0.045964,-0.06387,-0.00076166,0.025598,0.001317,-0.075008,-0.082167,-0.096758,-0.074149,-0.075588,-0.076773,-0.10645,-0.091357,-0.046344,-0.072374,-0.11313
-0.038303,0.0064574,0.047878,0.029814,-0.015978,-0.022399,-0.0040687,0.060504,0.10502,0.10692,0.056211,0.035871,-0.0069867,0.043028,0.092927,0.092431,0.040987,0.057604,0.10755,0.12725,0.074385,0.012295,-0.0014444,-0.0029532,0.057254,0.11013,0.11729,0.040341,-0.0006388,-0.058743,-0.024301,-0.022225,-0.030891,-0.084695,-0.064983,-0.085945,-0.12496,-0.15432,-0.12966,-0.13292,-0.11889,-0.13055,-0.12639,-0.12451
-0.10689,-0.031754,0.048871,0.092282,0.027354,-0.034113,-0.009787,-0.033598,-0.09406,-0.074195,0.054401,0.12849,0.07522,0.059928,0.13088,0.1543,0.02295,-0.072911,-0.10667,-0.066116,-0.01099,0.057849,-0.0031465,-0.026178,0.0049737,0.036301,-0.0029916,-0.027996,-0.0063626,0.030665,0.035299,0.008508,-0.011534,0.022428,0.034387,0.060244,0.022873,-0.054634,-0.031404,0.0040856,-0.046451,-0.11174,-0.095661,-0.084743
0.053669,0.023001,-0.010149,-0.028972,-0.027715,0.034129,0.056152,0.021459,0.030727,0.07026,0.1052,0.050144,0.039946,0.039477,0.057246,0.062662,0.086447,0.052819,-0.020528,-0.019687,0.067031,0.060954,0.0084537,0.034821,0.096947,0.12572,0.15886,0.13414,0.0080804,-0.014752,0.095542,0.14897,0.13201,0.11384,0.11033,0.075946,0.031216,0.030496,0.05553,0.089518,0.10171,0.076991,0.082397,0.095926
0.061098,0.068955,0.061222,0.0011219,-0.085432,-0.089228,-0.051361,-0.037776,-0.013193,-0.0089248,0.0008759,-0.053204,-0.0681,-0.010107,0.040552,0.057929,0.013567,-0.043725,-0.080094,-0.039962,-0.011194,-0.043897,-0.0525,-0.072261,-0.02626,0.010321,0.10037,0.176,0.20023,0.086883,0.011443,0.021455,0.050604,0.096968,0.12734,0.11304,0.03039,-0.0035578,-0.072393,-0.033639,-0.023231,-0.076017,-0.089342,-0.065518
-0.077653,-0.027027,0.016349,0.0096369,0.030371,0.016814,0.0022995,0.023045,0.04662,0.035312,-0.0011399,-0.035559,-0.064591,-0.090858,-0.098403,-0.11291,-0.13899,-0.14334,-0.1347,-0.096823,-0.081789,-0.072487,-0.070219,-0.072555,-0.042902,-0.012159,0.014352,-0.051191,-0.1024,-0.14119,-0.14812,-0.14879,-0.17538,-0.17798,-0.18045,-0.12653,-0.11784,-0.13158,-0.13537,-0.13583,-0.17715,-0.22629,-0.22385,-0.22348
-0.18507,-0.065936,0.041061,0.048967,0.065079,0.069024,0.018963,-0.030691,-0.081701,-0.095012,-0.091361,-0.089154,-0.072448,-0.078265,-0.064016,-0.073343,-0.04905,-0.021564,0.015253,-0.029983,-0.086465,-0.070627,-0.025276,0.0014289,-0.02026,-0.018013,-0.049,-0.048234,-0.025573,0.032602,0.036387,-0.033379,-0.1067,-0.14521,-0.14695,-0.11576,-0.13243,-0.15494,-0.2125,-0.24814,-0.23965,-0.24576,-0.23882,-0.23631
-0.035379,0.015174,0.062393,0.046621,-0.020291,-0.061678,-0.0087906,0.02838,0.05028,0.056208,0.10069,0.054271,0.00026206,-0.043848,-0.046948,-0.080681,-0.062442,-0.0053522,0.033399,-0.023006,-0.079435,-0.049907,0.012574,0.0025548,-0.052708,-0.083393,-0.058774,-0.018877,-0.018794,-0.048957,-0.052758,-0.034791,-0.020296,-0.069755,-0.083785,-0.065674,-0.020762,-0.03563,-0.040048,-0.089582,-0.11129,-0.13777,-0.11922,-0.099198
0.14292,0.092286,0.017833,-0.11479,-0.11781,-0.060629,-0.042976,-0.031635,0.046321,0.062045,0.045516,-0.023675,0.015446,0.087581,0.11667,-0.0095339,-0.12506,-0.12148,-0.054899,-0.039527,-0.0974,-0.062972,0.027022,0.089824,0.066166,0.058867,0.063228,0.046842,0.017162,0.067824,0.11103,0.050459,-0.07081,-0.02865,0.044009,0.04313,-0.049302,-0.04759,-0.092945,-0.089812,-0.089867,-0.024603,0.025329,0.089139
0.074547,0.036021,0.0051059,-0.063168,-0.046147,-0.043049,0.0091746,0.034088,0.12155,0.088186,0.037969,0.041797,0.09506,0.068094,0.1022,0.15909,0.19582,0.1521,0.072538,-0.027427,-0.050729,0.035587,0.13612,0.12859,0.015553,-0.054717,0.033941,0.1685,0.18398,0.091797,0.051924,0.11852,0.13804,0.098943,0.051479,-0.012396,-0.012443,0.024579,0.033116,-0.055322,0.043028,0.13542,0.16891,0.17947
-0.087902,-0.041166,-0.00062297,0.042368,0.034284,0.012382,-0.017859,-0.034106,-0.028268,-0.041523,-0.0010343,0.032058,0.0088244,-0.046901,0.028711,0.065125,0.057979,0.075209,0.092406,-0.019951,-0.070391,0.039468,0.094837,0.026633,0.0076752,0.050462,0.083183,0.060774,0.079498,0.021008,0.019534,0.033856,0.076014,-0.054872,-0.19885,-0.17991,-0.031676,0.02281,-0.020451,-0.061515,-0.079856,-0.057062,-0.0035259,0.045927
-0.007698,-0.00043213,-0.0045953,0.059767,0.0061211,0.047813,0.04924,0.021576,-0.060144,-0.097347,-0.049642,-0.012078,0.083976,0.10545,0.15693,0.14968,0.13079,0.10397,0.17942,0.21925,0.14723,0.10818,0.089996,0.039787,0.047858,0.17374,0.20152,0.21814,0.24111,0.21595,0.16133,0.125,0.02207,-0.028266,-0.053963,-0.010222,0.058373,0.094166,-0.0019278,-0.0059166,0.069443,0.075076,0.099358,0.13228
-0.14663,-0.04993,0.042663,0.11269,0.069823,0.0040142,-0.016847,0.038026,0.023844,-0.023106,0.010362,0.034593,0.044611,-0.050348,-0.033548,-0.075133,-0.053857,0.023518,0.14231,0.087982,-0.022205,-0.074349,-0.12591,-0.12252,-0.08451,-0.052499,-0.12039,-0.12252,-0.11999,-0.078785,-0.05716,-0.006972,-0.046214,-0.10842,-0.14316,-0.13365,-0.16083,-0.204,-0.24552,-0.26484,-0.24248,-0.21524,-0.20406,-0.19639
-0.12389,-0.034023,0.043169,0.042378,0.021418,-0.0079703,-0.044723,-0.063587,-0.04236,-0.050848,-0.046994,-0.00065552,0.081864,0.027357,-0.070515,-0.11342,-0.10524,-0.099574,-0.070542,0.01379,0.045981,0.083239,-0.014905,-0.071342,-0.064722,0.048321,-0.00036469,-0.060229,-0.046138,0.020458,0.013528,-0.025232,-0.082479,-0.16188,-0.16604,-0.17127,-0.15871,-0.14338,-0.14422,-0.18977,-0.16957,-0.16604,-0.23691,-0.31533
-0.017627,0.0012477,0.02405,0.057063,0.00087831,-0.018816,0.021276,0.050657,0.03948,0.02528,-0.0077067,-0.038214,-0.038629,-0.0056615,0.056292,0.054535,0.044578,0.039582,0.05083,0.0094274,0.06254,0.096984,0.09303,0.024491,0.00317,0.026036,0.03085,0.010875,0.001616,0.01323,-0.012421,-0.011942,0.003644,0.020648,0.031524,0.020969,-0.019071,-0.061838,-0.083741,-0.10368,-0.12341,-0.12614,-0.10244,-0.078235
-0.17951,-0.092534,-0.009143,0.051433,0.10501,0.056558,-0.060239,-0.13703,-0.10668,-0.12351,-0.14876,-0.11645,-0.013504,-0.048435,-0.10408,-0.177,-0.18436,-0.097477,0.014796,-0.06617,-0.19086,-0.18649,-0.13352,-0.089759,-0.1244,-0.16103,-0.21108,-0.10427,-0.068946,-0.078547,-0.10903,-0.074246,-0.11486,-0.12894,-0.1169,-0.11411,-0.18614,-0.21141,-0.28641,-0.37228,-0.3665,-0.32704,-0.27367,-0.22589
-0.065566,-0.055404,-0.035286,0.022307,0.07612,0.13552,0.15588,0.11093,0.054554,0.028872,0.046796,0.039145,0.090306,0.01411,0.013146,0.0046944,0.00067442,-0.030555,0.02785,0.03117,-0.035516,0.034726,0.076809,0.021138,-0.082887,-0.090661,-0.12655,-0.12047,-0.028629,0.07457,0.096281,0.029859,0.010945,0.0082284,-0.0094554,-0.017295,0.035638,0.10516,0.023102,-0.13902,-0.1551,-0.076761,-0.10501,-0.15913
0.15071,0.031607,-0.059889,-0.03828,-0.025372,-0.046928,-0.079289,-0.16582,-0.13675,-0.074482,-0.054775,-0.13235,-0.16551,-0.17503,-0.15491,-0.13252,-0.077443,-0.0046628,0.070681,0.084477,0.12916,0.18637,0.17105,0.089702,0.042766,0.0045374,-0.040564,-0.046337,-0.0045922,0.010526,-0.01331,-0.05885,0.0031715,0.03712,0.0036568,-0.023752,-0.027734,-0.084793,-0.14207,-0.12536,-0.091154,-0.09238,-0.1102,-0.13087
-0.066347,-0.025328,0.0079092,0.0023436,0.014129,0.014391,-0.0048556,-0.045044,-0.041963,-0.10311,-0.093029,-0.039771,-0.016658,-0.059646,-0.0056665,0.054882,0.061656,0.076784,0.08168,0.029068,0.032436,0.055018,-0.001764,-0.078908,-0.093768,-0.092904,-0.10727,-0.02588,-0.011025,-0.077197,-0.099473,0.013837,0.039904,-0.071312,-0.14415,-0.13075,-0.08291,-0.090813,-0.1369,-0.18343,-0.20115,-0.20597,-0.21207,-0.2152
-0.011622,-0.019958,-0.029267,-0.031032,0.021784,-0.0035719,-0.080544,-0.11153,-0.073968,-0.041994,-0.004462,-0.032453,-0.076994,-0.13284,-0.11711,-0.11565,-0.081661,-0.054919,-0.038218,-0.075844,-0.11309,-0.10549,-0.1087,-0.0916,-0.071221,-0.071866,-0.072169,-0.028674,-0.049367,-0.11638,-0.16362,-0.11161,-0.07876,-0.13232,-0.21945,-0.2524,-0.19746,-0.19618,-0.24188,-0.28435,-0.23895,-0.19786,-0.22928,-0.26742
0.13343,0.058292,-0.011425,-0.054007,-0.065866,-0.03149,-0.017446,-0.00051966,0.045104,0.022355,-0.082141,-0.15243,-0.085391,-0.02937,-0.035596,0.0008344,0.062828,0.050747,-0.004489,0.00033579,-0.081836,-0.12509,-0.12305,-0.049112,-0.0071285,0.017677,-0.027836,-0.047906,-0.024273,-0.01233,-0.010189,-0.066406,-0.13406,-0.15237,-0.10171,-0.062946,-0.10448,-0.14388,-0.16745,-0.14827,-0.11241,-0.076795,-0.087615,-0.10594
0.049308,0.0068613,-0.040521,-0.051769,-0.010029,0.050777,0.029718,0.023946,0.05056,0.066109,0.072194,0.10477,0.11313,0.13575,0.12793,0.084124,0.013065,-0.012312,-0.015737,0.055505,0.095964,0.089695,0.077959,0.059414,0.0032929,-0.043804,-0.013567,0.0073186,0.013073,0.015848,-0.015947,-0.047047,-0.039714,0.058815,0.093265,0.094413,0.081811,0.14215,0.14596,0.10963,0.026699,-0.01395,0.0032876,0.039716
0.020277,0.032118,0.025711,-0.044483,-0.065452,0.064804,0.12116,0.049153,-0.011476,0.013567,0.02909,-0.0021376,-0.029673,0.040682,0.13963,0.11658,0.088869,0.11021,0.1288,0.10353,0.11123,0.054102,0.018222,0.045868,0.046928,0.022172,0.062489,0.05695,0.018221,0.018207,0.11105,0.10614,0.084661,0.04474,0.011736,-0.055402,-0.063477,-0.023432,-0.030586,-0.053818,-0.07281,-0.028564,0.014215,0.061351
-0.091258,-0.01414,0.038611,-0.00021701,-0.011467,0.080083,0.1309,0.14973,0.14686,0.088396,0.0018497,-0.028489,-0.040518,-0.063223,-0.018243,-0.0089953,-0.060199,-0.10461,-0.063797,-0.043936,-0.04267,-0.028575,-0.022055,-0.071659,-0.081042,-0.029797,0.012529,0.016474,0.012611,-0.026509,-0.0947,-0.11607,-0.10246,-0.080353,-0.094298,-0.15435,-0.136,-0.10866,-0.10571,-0.17299,-0.11439,-0.055308,-0.046333,-0.05445
-0.027465,-0.042278,-0.055987,-0.02044,0.054025,0.10134,0.042164,-0.026746,-0.078339,-0.12027,-0.17781,-0.13873,-0.040163,-0.011144,-0.063661,-0.11055,-0.13821,-0.033485,0.089558,0.064158,-0.040104,-0.051081,-0.075006,-0.13143,-0.10423,-0.076804,-0.091853,-0.052519,-0.018526,-0.038432,-0.040946,-0.027662,-0.084994,-0.10426,-0.051205,-0.011508,-0.032757,-0.056646,-0.11194,-0.14533,-0.15593,-0.14434,-0.20754,-0.27648
-0.14038,-0.064343,0.010937,0.050304,0.048052,0.035899,0.020428,-0.006629,0.044593,0.083075,0.13033,0.18599,0.21898,0.17795,0.10794,0.016782,-0.0061626,-0.013769,0.046831,0.044025,0.043043,0.018563,0.084258,0.15157,0.16181,0.13432,0.046733,-0.068225,-0.10075,0.017161,0.11339,0.10858,0.1018,0.14206,0.081561,-0.01992,-0.028106,0.082173,0.1549,0.14179,0.10977,0.092818,0.10249,0.11092
-0.090278,-0.021022,0.039384,0.010744,0.00053236,0.059641,0.082012,0.055435,0.021265,-0.008678,-0.045589,-0.034627,-0.059984,-0.084581,-0.074446,0.0088401,0.041302,0.035113,-0.014622,-0.036802,-0.058524,-0.027833,0.014901,0.01452,0.0073448,0.051498,0.079203,0.010668,-0.064202,-0.046476,0.029528,0.045278,0.013254,-0.057163,-0.095012,-0.083059,-0.036712,-0.038308,-0.02512,-0.038831,-0.033764,-0.10088,-0.14496,-0.19615
0.04823,0.042803,0.019956,-0.036001,-0.05893,-0.0031219,0.0057331,-0.0048421,-0.01722,0.005305,0.014056,-0.030163,-0.074958,-0.077612,-0.037005,-0.048071,-0.052463,-0.039746,0.010987,0.019664,0.0074363,0.015242,0.058478,0.059021,0.021084,-0.0042565,0.021787,0.011454,-0.039391,-0.13666,-0.16178,-0.12547,-0.071165,-0.065048,-0.076678,-0.076565,-0.10421,-0.062969,-0.033223,-0.039003,-0.088757,-0.13444,-0.16329,-0.19129
0.085485,0.022512,-0.031116,-0.047067,-0.039629,-0.0023845,0.019103,0.044112,0.1065,0.10685,0.080388,0.1253,0.18003,0.16965,0.052857,-0.050586,-0.071636,-0.074231,-0.047571,-0.008465,0.0041427,0.018038,0.11351,0.18651,0.22206,0.2021,0.09037,-0.040119,0.022424,0.075479,0.10763,0.062955,0.075175,0.072424,0.068792,0.040251,0.067314,0.19192,0.27432,0.20162,0.1584,0.17163,0.16535,0.1286
0.024447,0.022513,0.011124,-0.065945,-0.04081,0.035969,0.039346,-0.025487,-0.04644,-0.026703,-0.016932,0.031249,0.097304,0.10142,0.062178,0.063059,0.078887,0.042086,0.0098606,-0.0073019,0.007083,0.039427,0.054137,0.027777,0.047341,0.099791,0.094592,0.045615,0.015229,-0.0050999,-0.018798,-0.01727,-0.01967,-0.058891,-0.070051,-0.061081,-0.061222,-0.051746,-0.02662,0.0025031,0.036633,0.067503,0.096248,0.12723
0.11582,0.014958,-0.063564,-0.010403,-0.023194,-0.038644,-0.043272,-0.048136,0.067756,0.055355,0.093751,0.079093,0.15735,0.10488,0.1137,0.16746,0.22873,0.19699,0.10348,0.087852,0.070357,0.08319,0.10046,0.16947,0.27743,0.34831,0.23208,0.065846,0.054001,0.07314,0.086205,0.11081,0.22979,0.17458,0.11147,0.096403,0.19123,0.30477,0.34432,0.30852,0.21696,0.15789,0.12663,0.10363
-0.1053,-0.014698,0.050991,-0.012183,-0.0044402,0.1072,0.10399,-0.0085057,-0.13446,-0.1453,-0.14356,-0.098262,-0.050537,-0.028104,-0.039194,-0.047283,-0.026427,0.028026,0.046971,-0.015344,-0.10345,-0.16792,-0.23335,-0.23653,-0.18356,-0.1021,-0.059675,-0.041287,-0.1131,-0.17974,-0.2265,-0.23604,-0.21406,-0.16621,-0.18142,-0.22056,-0.18838,-0.088379,-0.028648,-0.0043854,-0.014497,-0.017124,-0.035628,-0.049403
-0.089402,-0.030189,0.042149,0.053804,0.020089,-0.037681,-0.063237,-0.12561,-0.13611,-0.12628,-0.14297,-0.10497,-0.10608,-0.094375,-0.068442,-0.008109,0.032627,0.10419,0.11513,0.016551,-0.044784,-0.068904,-0.044355,0.023085,0.040758,0.0017396,-0.024566,0.052046,0.1093,0.10599,0.070162,-0.00019283,-0.033964,-0.096474,-0.12598,-0.098456,-0.01708,-0.059537,-0.15097,-0.15525,-0.19401,-0.24199,-0.23994,-0.22413
0.25478,0.10061,-0.049437,-0.14801,-0.09968,-0.036161,-0.052907,-0.12141,-0.10681,-0.054669,-0.042295,-0.044134,0.017142,0.0083698,0.00037656,0.010016,0.0179,0.028826,0.11413,0.13642,0.093932,0.083417,0.0905,0.035248,0.017579,0.03848,0.049972,0.078336,0.078797,0.10417,0.11157,0.14961,0.12953,0.076985,0.062498,0.059294,0.089744,0.088649,0.14459,0.19551,0.18211,0.1843,0.29726,0.43323
